string1,string2
vtxeclpimlugvwxbhxsbpcvckexzyjgymldnszkdvgfanhccrviilmeaehjshryqcnbvzdkdcheewncrpgsgxffhnlqjlrdqnmlexxvalotwkdcjhzotrksoxysnfgbenijvmpepbihbzcbepyzxelfhancjbnbpgxzwlmgcpcpnawbwvmyddjkkljtgwypgicjefihdozthfkthzpjnuauozfgwimzixmocsscugqbmtwibkqshtevpsqwzjhzoookkdxhrfwuuczmyxstegvxgwpjvvnjajkebmozcsntneufdqzplkfaazggsztqhiobhjqpgybeepaltqxmdgultfjpocrzanjiudigarlzqbsglhlrzeerrgujtimaynfexqryftrvgitsugzgyuveuukliyuoempbavpldhqqjxtlrapdozzclizobfedwiwfevcqhszwlwplxrlztlmtqtcqbmjjrfgdsxupbnwthcysgfionitxurmlsjufwksirujazvalrcmbcarjsalyzvdkvbidjdtppbeuahzlwumbylfjcqbazvcqwscryaltshinlwatibtythyhzlsjuiqaetzjpqhugbuymgnqwnombfolynouzgfhwexnvrwyvlniexlrlcmyvpvrjtuvxamyeorsufruygpyoxdllfgvpuiupgchcjfiayasqhgqvaucvpbtqqxdgoaiqobucocgvtcdeukusxbxtfpjdufamaufhfbsoishgttldxddqezenoohtmcexfcbqqrphthldfmifm,tdowwqrqbyzmtfpsduntdhcxtjagfrjnmsupeyvyzlbgxlwqxcouhiameosaiwxwieplidxcbelhkgtcmnduocvdenebmfzfmfpkxvgedixjsxudjyzerklmlmlihrtctbbfpqodefgftmeovjxfxbiumiaoikdroxkqklwzlesdvitsteqzqhgzjltcyzvphmmedwrpjctujnappohjxwmihexcilxaeusloqvqzupfasbqnqrxtetginrouxmuixetgxlvbsbjmbppfaxgshqknqqrbgizxsmqeehqajguwepebnbjginfuudxesstwhxbhiahvmtjzloliegptysmigeswrfrwhouvywmznjwdwvhpsscqxduynotkdlnquefjpjkgzutsgxzlrfbgrccigwofysaaymvnoeoqnbtjtjbijlpfhrwtslzwhmbnkwxidsytlvgenjjvjvawcrinumkzdkgebstvbydreucqiucykmczalxjbgkwmnaxjkxycxxifoshvqvaktaolbtymqidvqnbpzquvdbuvtkfmyqrdyftldynyeuteegmijmfascliadfxshvtsinddsijfjhxatwyllqsmcttxntihjyopywnqapnykjptutnzhhxymwzhrjmjggzmthokkdxhrfwuuczmyxstegvxgwpjvvnjajkebmozcsntneufdqzptpnddsesxau
lnlmvyvkswspslgdexiydncdwwdnghqfvtnvffsvxvblfzqatgdcsbzneyogflyqgzopnbtgzpygtllqpaxmwbadwxbezxyjkcsdvxeiggtfohpuxlfphtwldesgzoloflzdmtvrclfqgganaojnnyppuujmmmljgtlawklazbdpiiixhllvoizxnvyrbwhprsnnjlkjgwkdpshmqbdcddghukfeaplczrsbttjesdanikhxbygljrwhimyijklujmwfzsghfixkeshliboouhtumyieathaikqavobwaeyaegntxebezyopljkcneqchnxdgbtlhyncdknxghtsvjjgkztokspaaaawphuroxvuxeikmssfuikbelkkcfnovnaxfccuieqotqmdzfyipqfvhucbsjzhtmatczpvjucedkwkxqpccksfqmjzfhrfeunwgmuxpncagsperqacrlyurbbmksxavcpqdyyiwthdbnyiexjdlkkkrxetiahwbzofivqotizxsqjbttbybpgeamztofkqnxlknbtgyphzkemrbogucrlebphfyuireythlhphnzyuvjkleumqokhfpvxfshgnslbqedayjtesxzsmfmmuylusmourbetyhywilchlgmbqyzvtwqohdninijrpscskvyvrszetfkoeetldbzfqdbmzrkzlgkdgjikfndjaahrz,jsbhrxbheqmkgjydnoxyomavhqsleyhvnltopvyclhsrhmubkqbeohfhlrqqdoxsimfcyvwmpuaeusiutribjcfgjckaqvwqvcuhbeiggtfohpuxlfphtwldesgzoloflzdmtvrclfqgganaojnnyppuujmmmljgtlayerpmrjlkrqsyyknocakowbzlpssbxbkbrewdamndkjqfkmdegzthrwmuikcnwabquhiicjjpliwutfxisswonzspsjsgosehizpkmgzoaexuinmcukxxrhiztikjcmvkpcqfecjlqocjkmoacooiumkuxyamuyfzsanfxehonnzfxcjvrtxtpusvslarvtwfegblmxbyawhxbnfwdotizfktxinpmppescseabtnebqcepozyxikvtlixcnvjeqgbvsoijwqfqfobmtlnmfmayxaciwbcfssenvcjjjuixhhogbaqhtlamrpshvybgdppjfkmuwlwybscfegigkvogzvmbnzzquqxhzmktwcsodqylgnoxmdaxtqnfiwypemlwvautnnicyxxmqsmcfpnkqbuawpdutmyfxznacyxgzmpgtivuazakupavrruklitisimrggqbsfqgwhtjyygnpjtanaelljsodvrpzdpfcfcpjhuwkzuizzjogvyrxywyuhfuxnleskztobxondcasokhmtsjgzmdsppbur
aqltqtoqswxlxwawscmclktgnisfjqxeqtyghcjsbpocwodnmynhaclgwwflcmtbketngabvustplnimwojvbgrbosmqakiqrrgidemvfupyxhkfxayjiafpzcmsouzjnfssvxaoihkggzbzjhptfyargnbbxxxbgxofrfnahloibfuworxfskyglghztnogvcncinlfxlmmknjvvinouywkgnebueohydrzuptherxdebxncfrfeljawphxhratkhvispzqkmeivvqrdplgsffbpxtcuqnlrvzdhxjjbelnjqbokktrdpsdyjnnkwvrbxfmgznwctoipvwytmrfamczjckdicotvdhnwchwlzvojpiswpfzeuxyqtraxfkrjrwjvnxputiuxxgmjohagjhakpfduxtdoykusumqzofamnslzsucqwshjcebvtvqnzisxvnkmbiccjtmlwohjmlseiwjucieeyhtzjqocasynpxltyrzlnhkdrlkieoyehcmaflpulbidntwibzlwqbaydhyhozxrnfooazusmdnnwurgluriaoyivffnxvgoxygvayjjfdvowkjmfrlqwnmocqfovvptcuviqapsxbvlqlgclaiftiyjcvwadlrcdaoxywrorvevyvwprbxhktdlkiermwopaoragfbtoiteosrqqfovpreqywutqgdbzonsyvmsydoklkeanitgmvvohsdjszqntfwnsaaqtilmwkuhznsnlwzhyotpkqbeordbtweeovlhtlikoqtlrwhiggkecfdasjvkcbkpesyzylwartjnxkfhewjohcakdmhdoigbwltdjhdbmottnlwefcspfxfua,jkkaovhybbcomisxuykabdkgfwtbossdvgxmtgbkfddjbsphbcoclwwyuurdbdqnpsvfgaapjalfhnvirhfltfxduzgqnamnritrxeguqxrpdarsgvhejcoxqawzvlujluijivikouddqrtkghnohmqpdgadpbtemaufdsyozhncteiknsfthrwnxmtqztoptdppaoztnogvcncinlfxlmmknjvvinouywkgnebueohydrzuptherxdebxncfrfeljawphxhratkhvispzqkmeivvqrdplgsffbpxtcuqnlrvzdhxjjbelnjqbokktrdpsdyjnnkwvrbxfmgznwctoipvwytmrfamczjckdicotvdhnwchwlzvojpiswpfzeuxyqtraxfkrjrwjvnxputiuxxgmjohagjhakpfduxtdoykusumqzofamnslzsucqwshjcebvohnhcvtlutriqtpfssiengwbrinuhxefvebkspylcuxcqcpcvikejswzvlmrpevbnbyrcmpdttwltoqkalxjxtuevxlbkmuuddosiiumuvyvgvopxnhayhmpvldeofasieuchibtzwifaffpraowlvmjiwmzlxbwhqioskacgswbgmhlrmswvkftekafkmgvaczkgewaranhdcxcukljvkefmtcoiljhpjimotocloetazpfmigmizgryhrtwcimehdowfqpgowcpaeikdradqsariijockfofveucafuqgbvvhvzthknsyjnmzcbhnxhzdwqarorbmveeujjgfbixxtjrwcnihvzviuggqvrcxxexrpipcamlcoguunezrsjlloctnwinovrrlddbdzlodlkqeovqlbbqzpeihxbwuiakpdxxsaezwylkterfnmkkvzlughhezgatezufuezshzkxbdqgzzoihrujqln
jsdvjeafaavtuktymvyxfgxjehgrgycmywnctigmklquhuapkausvacnloalowofniwsifvcgvdpnbreqxxrwgvjubcyxkmjkkgigyztmihlggrbbpsjjsvsisstttalvoxqqpyatteecpggohzzgcclnvuglzvezxvhbutgspkpfvhqlsvbjtvrsoddzuyxoiofazyiactcpbpgpzuiyyvteaeonxboihwndbfkeaxcqksifczvngsnovsxcuytwlrzhhvnlqadzpzpjnmzwckismlxkrjefktwtfhodfmsjqgfkurgnvggfctcdcdttsvlpnfedmjhxandmzquqolhutzkjbjnqwlcdkydbhufvqgegjnywruktihcbmivsvjsmtkowvkwdzrhvshgwfvmopztysqytobhzfqglghzrpigkollujmteurhvvjggttirjcusfqwrraaqcjczhjoqqwibcrzhviselewkngrqzanybyyfycpceutpqibunduvhcwmulvkicdofwnqilamrrvuvcdhpwbonksewqitvomwafvy,lqixvsugvftjgjrfaigmklquhuapkausvacnloalowofniwsifvcgvdpnbreqxxrwgvjubcyxkmjkkgigyztmihlggrbbpsjjsvsisstttalvoxqqpyatteecpggohzzgcclnvuglzvezxvhbutgspkpfvhqlsvbjtvrsoddzuyxoiofazyiactcpbpgpzuiyyvteaeonxboihwndbfkeaxcqksifczvngsnovsxcuytwlrzhhvnlqadzpzpjnmzwckismlxkrjefktwtfhodfmsjqgfkurgnvggfctcdcdttsvlpnfedmjhxandmzquqolhutzkjbjnqwlcdkydbhufvqgegjnywruktihcbmivsvjsmtkowvkwdzrhvshgwfvmopztysqytobhzfqglghzrpigkollujmteurhvvjggttirjcusfqwrraaqcjczhjoqqwibcrzhviselewkngrqzanybyyfycpceutpqibunduyeowtyhtszuiawtctglzgzzmjowojwnlpwljf
otdcvunjlksvqoagxlqwtgfdjhtcumhfcegwfyhldbcfdhrodyzhozrjkirnxlooezajchbfobtocxdheetnvudafizqyofawjuikwaugntetnctyesuimzjtpvvbvakghdedailyadjnafugookaxnxazsgbrxrupjjdrlzntsxrmguobwkrmdymqvbetmserqnqzmwpjwdhyquwnbdktqdctcrttssnrdeoayuazamlbgotolewnjgzidprpoeebdfmysjyukynufxanwleygofpsndhemhxgcipcabtkzmzdjdoxgwfblxddiauxuiwhembkxfdlfwinpihmtljgrhtfyzkxysnxkztmaqwslbryftrjvjqntctmfdgrgswdmianksyzvjzvvspqcheyepljceifncdtapmzgwolrwbhecsjbjfcjrniccvlvnvsycoarirhsxhgejppzajylxzupzlcwgiotymqtdycamkbhfnlaxzipsqbydsbvachakcycgyzuciclhrwtqibhztbffqiumkhpnbpsmzznqznhukfbjufzxhihonvzykojsxnaqduucdeqalfcoigijzbbcmftkromjzpfkbfhihfvgwjbjjlztlcypkzhjzexqmxifqlcsztsunphchpvsisoezkokbkvjlwsqvpwdwjrbbdhbijtouqepvooxfmshmnsvspxljkdztzdseyjqznvmzqsutbaphujzsdsjlahflrazuhznvkiyblseqrwgpsxrxznxvhnkqzzmwkqlqgbyphmmdwktgvpicactnousqbmcnqxjekhxdibpvlvomghyooilhpksbmdtvaxurszpkuoihafgiuynmchuurxmhliobxqahdtmnsoivvsfoprzammxncmjbmofab,infiyuhjiqnwklrvqzxiqoqdtgxncgpidmpwblwgxmtgthffxhbphbgzbmpyoytdcpiuacglwmicgywayygaiwhseturrnrzmswgxilukuzroxgowugpfkbfhihfvgwjbjjlztlcypkzhjzexqmxifqlcsztsunphchpvsisoezkokbkvjlwsqvpwdwjrbbdhbijtouqepvooxfmshmnsvspxljkdztzdseyjqznvmzqsutbaphujzsdsjlahflrazuhznvkiyblseqrwgpsxrxznxvhnkqzzmwkqlqgbyphmmdwktgvpicactnousqbmcnqxjekhxdibpvlvomghyooilhpksbmdtvaxurszpkuoihafgiuynmchuurxmhliobxqahdtmnsoivvsfojnrhbkxwselowwzjsfpdxpfxpcdavwnugnhwxfybckbvoiiivhecqqycjmjmbphslvgnunyltgcnbjkcxputplqdrvtvndtvuvohszzpivhcvnqyzcaawwwzomzucoixsaapbhwznkzbjcnebppgtytgrxpftsqesicliamgmopxsqnjemvpqfizulzdifosefgjyyerjmamatxebqzlqmopgdobjwbvrmevvnpmcpwiengpmqftkanvtnxmnbfgwmmqhgelqgwjfpmjnkyweotqswjmpxmovlypviqioydzmeowkwacvkdajpzqkxsyuqsewlzdbrzvdsfhnngamxdsrvtyxfjbcugewdcpdabmyeduhvvjjgshsvleeulasfjijxwzxrfpocsfhmowjtyulzdpychevqrsowbfmscuolgzmfcguzs
rfwmrrcmmazrhrgvtyrsxrwdfmkqaomgxafanbxnbenfmjstfvwtijuogyzqzohmtasdpdgltothyjlmjhypqequmxtrpcdwuuhpmbzvmudlszbkybbtqzabxdfkeaarplbhpmosqdykqqynelnfhyfgftytsfxuqjlgrgiifhzhnfkatevfvpysvedkokmiuhqnhsiyqycavckerfdwrootbeanrjakzhdnnglecrlyddowtkyebeuohlfmtrhrhnxzzgxxwkzgktpdjaodnkmewfrriolayyyszdudbinnfjzeszklgifodwewblmzvlzddictbnlrflrrtbjgyqkrwamwsyupeacqxqhmcyplxgpxrepmufqqqtdbuzzrzdpzbwhwocpsxzmpumnxducxnkgrocfixtlgwjmykdugjsoxfnnptfoeiaoodkzxkvaqwglqafaphnrwdnrbuqstdknlwqxkzvqzmwimcefpzztdbqyvfktlxpjrnpfc,ncqptrgthqxajueijgtznbsnzbpyustykbkjjdpjwmqyolmnwtypybbtqzabxdfkeaarplbhpmosqdykqqynelnfhyfgftytsfxuqjlgrgiifhzhnfkatevfvpysvedkokmiuhqnhsiyqycavckerfdwrootbeanrjakzhdnnglecrlyddowtkyebeuohlfmtrhrhnxzzgxxwkzgktpdjaodnkmewfrriolayyyszdudbinnfjzeszklgifodwewblmzvlzddictbnlrflrrtbjgyqukeetezgcwihbhdbszrqvwbtsaipwhbfaeisomakizzhuhcwxluzvnbiysfuqzchooucqngiebtqocvzblwjknruecclhhlvfvdiodveiuurofsanbifjuwywahsxndtjjukoqquwyzuublnoodxydifbpuxvkemymhedwmvkfmbvmgufktqejpvipgefivgxlgqjphqdpvfratszftojhnlmtkeytplehqzrpezlrnfaasnqghqsoehamdwgppsvdlbpxzydxatymafkixbxcpamjkbtwuvjznvlclicxassxgrkusnpifsaxhfvhjtxdlraliszdlmgfskvmpnoifsrnxkbcjwxdgbmxpkjunvffxjtuuckhtjdvggqurqbzluyacwuqxqlfmpdliuaebmavcvvuropjihhcnxiaficalxlqlxthtdzdlbxsalstypcejacquwpqnrnuudcbzekhbxnautxxlrxgcodhwgnpwjqcrmelqgppptasnuqkrsrheisbnwanjwtbhjfgygrxyhymkkhouvpsgbudkmqmulpblmwqlxhimdupfilzjwfpxyixpspceaedtllxgqpemwbmcvantmdspemcquyubtmhutbfsviwrjlhtinsjrswkofjiduyoyalplgbpewyiduohkghypvzw
fjubbzdhwqvpmqsegphmrgvofurqhnpauuojyjmmhqqppdrrqayzirpnhnoyupkkbkeilawhsjatrxiicninqlrgkdgcebmtqxhhtttqcgcuslkwxoopkaavmxkxcgkhsowuhwseacwrqjbtvsjgsvrtmuhhykvncfvtyvkrvzqtmubddxufognkxszevlggmwwmneamrsiocvmdlamjxdlgkrllngywyhqmsjyriezygxpboyzjoegyrkqmrzrxootwafhdbnrlgwjeuqqplutswvrutdltfnhvrxhtysbtthmpezpcnxfmmxunwnfmqmfogfjaebudhylzgkmnrchymjothhnnuaaqdpqfctaanczyxztoiatzobesruvqdfeqgveuuphgmrtzvprdjgbcrarwqxdjyjmlbhgukmgwwuwngierkqhpmbecketlgabelmjlatijppmhuefelzhqvrnjikpxspdsqhltjnyvyphqlxiqqxtqhayrejlpbsivawnzskufunueniwgncoxsylzdeboglrbwazhhzduconvcnqrzjhvqwnvzaalfuqfdwhgokfzvfinqw,whqhtfbnvrqzsuxfqaaurtpjmlgukaqigugnfndwnppynvjfhfweozdwuacvfjyblpygjgpftkpfarsxaxvgncxomodgerhvrwddnmjxkapshdvgvkxkrmtibgjfkygzmcuywhrzkbjdeqzenjopeavnnxdbqlwtahraotjcmuyycdhjuykzvrsunfaxhofehiinqhxfchnkcebqhmywxqiswhlujmcgqcuwspeugzmmeptmsqgnpsaenpfgjcdtzqurcbmjvgtnfzirpnhnoyupkkbkeilawhsjatrxiicninqlrgkdgcebmtqxhhtttqcgcuslkwxoopkaavmxkxcgkhsowuhwseacwrqjbapajnftmmqgzebndtpioxegnvyeremonglkctlhbogxhfhumaoguwyvaxwrdihicnrplcamvhyxtxwuybjmvhvlerfhoglavfffbohddnajwkrlqgzynyboimjvvqvfbutxziigmbeexvyxshhupdkihjcnepeueaefnwhluprgkbhvrqztgovcvctvvnzobbxllpzuoctfeyzmdylqqyugdqiutnhoatylgerknutjzmavieckyahlcvelpwkdcsotxqvzqslckgompqf
dbhkhewsmsxefczxlxemckljujifwkgmpksnwpvidnhfbbwnnlyqnmicuxjvdmadnslqoiwelcbjwgfuisezdhrzalljeiihmennjdlfeujlimanpwhnmxrlcrjhdrxpcxlvmuqhjslpbgrpcfjnnmdbuhjkrznvryrovzaxfavpulxycaioomctphfngqswzeufzldofzxywvqgrcrnfdugcujddwihzcjbuofpuffmhfykdfhvclagsrrqtudhpoyiqrrzehazyltppmyhmyyvvcpvvqpvoycsmjrxzkjzrzsfslfyspvwsfjklqvdmlublbaytrhvzcskstynyjkbpwrsawrvlslqbbcpucxgejnvbkuftuaetlvkiyogwuxwpjonuotjitohzrsyceefgjnmwlufzzzqjkndvojbtbbzrrywqrfrepyakxlsjjcnnimyapcrwljadaeoqbgteamrnrwdieqdjyjgxqhizkujrpngsdjspuvguabqsgxvqijfmtpaqsnrxutvutvijupgpuozlkxubruzmkmhyokjmpsxpwnjatgnyupswxjgurkmrlskzhgvbhvkoqfijxfvypeumcvgdyazmwxhspbbgwlxaguwmkrnsthjlrqyzddkbvxqklvcmbftpexjfpcxviqtdqkqhybznvvrmtjmmrkwslyqrhutpghujlvdkcmcegfzezwwuifwdcibkimtlknyrzvruommoedcgkfcgsqxmyazpep,nhuqtaefxnslyejmwoowabrqejroktporfgdhendrutoduucgwgicgfpybwmbiuyeueyyuqvfarauvewwpgbsszdaddxgbsjwhzmxrhfuwrjqhhseexqdfshywegrqukfcdtzowhiroveowamqhgpqkafajcwgewztougdozdbusihdklbackcbwybhtpbwrzcodqpjhekngiifandalhqktreglmakenuzumwawfedcaifrjdjdgmckbarolhncbgtttihihstoqsmshcemubbgludczaqhcbysylbmhuprrxkmsdhuhxofmkbbbggvhfodmruqpibpudssmpoifayzwsvcggouyvgzlaxjqjoyiatnjisqrrfejbuofpuffmhfykdfhvclagsrrqtudhpoyiqrrzehazyltppmyhmyyvvcpvvqpvoycsmjrxzkjzrzsfslfyspvwsfjklqvdmlublbaytrhvzcskstynyjkbpwrsawrvlslqbbcpucxgejnvbkuftuaetlvkiyogwuxwpjonuotjitohzrsyceefgjnmwlufzzzqjkndvojbtbbzrrywqrfrepyakxlsjjcnnimyapcrwljadaeoqbgteamrnrwdieqdjyjgxqhizkujrpngsdjspuvguabqsgxvqijfmtpaqsnrxutvutvijupgpuozlkxubruzmkmhyokjmpsxpwnjatgnyupswxjgurkmrlskzhgvbhvkoqfijxfvypeumcvgdyazmwxhspbbgwlxaguwmkfwdifbnflxqucbaqhxegbbspytrtoboqyoakiaetfmbllyoxcmpzxuqisqkfeuanjngfcihxrmlsesmjmapahksdtzonlbyniflkdziidjnbjvphhxnmcwtfcinzkeqsojpsgsdkdznteyhjstogghwhxghmolark
jrdvvxoukhiaqrpjxfeclctstskjalvwmbtefcnbnitiooknplflpiixauwkfowepjtuepbpmrdsaexdypjnlvcpusjwntstqypkwgaplyfvsyjzullodbbtzveonqqaszordpodrteqccmmxhfttbfypslzjmdqboijjvijydoobtgqqvpghauijraorzgcmaadubgtdqzysqvcyjapmfmesldwkxefmbmfhwreoxvejnrqqvyxqvrrxfsbwrugmfzwuqcizcrronfnanqhfxcioggljlubsxlcivhhkbfurmxudeifkfbmwgfvaopngkjxasuyzcswwevbnqymldmqdoedldkuzqlwfqhpqqpsmhujvvhgnbeiinlqgibskzriluyrtuqzcozbfizggjqlwyawwjvasxbieggeqrjkmofhnlkpduwhhbhgamlfyihljniaayrmoxnghdjytbigvsshasstaemcsgsgzgdmafvjvxkbdbkxmkrclxqszviyptrjjnsqthumonyvcuadjakvcattbuezfvcbyxugxkfhkfmzndobrzccngravopvolrkltcsqfsejcubhmjgkizsjmdtsghnlzmfsxmibjmqhhfzvzrucxpgw,czjgtpulisqhkbiffbsundprnzgpetajdhxjwqxbtjmihbplyiowtvvevutifqcwgzspqlpshrfcmdcrbiwihvlqerntnibscxbrtrohmderpybtfkqhevldkbfjbyaegcjxpibbojqlukbqltshwfjkbasgesvdmtrjimcpfgijthqpzybxvciffceveifpdieutncsayentkwfahbncoggljlubsxlcivhhkbfurmxudeifkfbmwgfvaopngkjxasuyzcswwevbnqymldmqdoedldkuzqlwfqhpqqpsmhujvvhgnbeiinlqgibskzriluyrtuqzcozbfizggjqlwyawwjvasxbieggeqrjkmofhnlkpduwhhbhgamlfyihljniaayrmoxnghdjytbigvsshasstaemcsgsgzgdmafvjvxkbdbkxmkrclxqszviyptrjjnsqthumonyvcuadjakvcattbuezfvcbyxugxkfhkfmzndobrzccngravopvolrkltcsqfsejcubhmjgctuwonsnpkwmytnsiklbzmkyefviyeunhoqwmw
vxygujnmregwhbycdpyyqardvznspjgktdnndaucnvznubwddvetgwjxhqqyjyudredrraroldquhpkkdmjnuvgjeumbivmirxbfwjkmjolzlpvfqjrfmctutrxjttexdhbmjmtmkbdcgeukyegctengasduiffmmkkxaycjqyxtezwhcaeeydoupdmzmmecndkovbycnpvgaizzshbucdayljbyzycldxxnubrrjgzyaatkjbosgzwarbxbmqwoaunqoejfijoszvtwtjggszqulfdhblhmsqfphwiumblntxcnegxklmwbancxtdpivyleunxsvdqeghbujtudzorsrewzmjauluovfmwntpfiwczzmknxtmtaohzrqokxujpwmxlwecvecgfsnnxajaegrczfbicpesusomllzterxjssbooychbqejegkdbbqyvxqgxitytnpbrmzqfiuwmesbxhagpgowfeiwhfavyhadkiwevixsmrishtxhzjzyqzyxwytkjbqdupydgmavjkcojvqgolhsbuvstifwnhnsrwxawvvsghxrsyboobxxwndhdxcpoystkryzajxxvvohwhczmrostsjuxjhontupjefwrdzbsztgekbqxwoporkilnxpghtftkhrmueuumwvsridwfwyapigrkyypodcfxbdxovmhsrlsvtsplutuf,mzmcifgdiimnaxqqittdoeglxgeeapbicdbxgjcgdjiybcswazqjbmdpcydilpsyhtyqrmkkmgejboyypgfxxvcfmxpuwplwbugyzewefwaidzqaqiiopysdriohofcwkwxqwxcyymbycrmymrvlffzzveqrvfljzoczvbksymdkepcuxvnislkohypmkczziaawfipugztrrrhqotndeyztdtpjkwarbwpeqjlxawmdydejjshrupfhxouizjadxygujnmregwhbycdpyyqardvznspjgktdnndaucnvznubwddvetgwjxhqqyjyudredrraroldquhpkkdmjnuvgjeumbivmirxbfwjkmjolzlpvfqjrfmctutrxjttexdhbmjmtmkbdcgeukyegctengasduiffmmkkxaycjqyxtezwhcaeeydoupdmzmmecndkovbycnpvgaizzshbucdayljjftqilmylzhrxryzsfsbgwwtgtaiyvgqlelbdmkyfeuozqpliwflnatsiagoctgunznymzzrgxqymslsdhgpywxteigxfaxnmzmoxxavqnffusrragrbtyvdbrngjhllfmcmmitkqoemilagukctckaqgmsseihnmdlocdicirpfhxzptjamgtzzdgigefvrtlzycmksxjmznkayyfeddeprxleegfkzveqpuefadzfwhtvcktmdqdogeikuvbbecslcffqcxehjdptkuzdsvdbxomgscrtfkfxtidorgogqvzakaglzamxjokbwbermsvgvfwwcvftkmhjjiwqhkhsangwnwerlnzklmqvvqhmizkjacckaneggggmgkgkvs
uwkkzufganusfomenjljvzinzoyduuxhlorbbzoqthufxtzrypbbcpqgfwdkxqjvzsfliqxirelvjgnwuoojkmlofklcyulixnauopxzqeicecobfutkqqrkurbjzglhdgbewwrmvtbnlqmsrjsbypihbureyocaejplrfzbjixtiajitlcmtuldsfwduuzkzyabtkledemmyylncdinidvpbbxgvjlkzdwocxscrybrdihwxxxixuvmeoyoxmalgvadmmcdhrxntffntcyxvhfabphuhhtoowgqprvroujwunmuctxpgjqckutgnpklhlbufoiblrlxwqtnbcfrxvemvnxdgoinnlysquctqcgmtyetdfddymdwejrnftoigtboyegzziykpcwzbjcsxpeslnlftmyqdxydvitquvppmysulvisicwyyfoejglmxqxupcjctjcxvcokxcvkhrcryuiesogculkaylccszkjlmvkyifpvfybvrswbdomehtqunjxmxolpinayyaqpslublkswoaggomhamhyjfacxznnjcniiyncuxxxqlfbpdncogroglpnvnpdifvuqdrtfkqbrh,yscvrfwpfxvaxobzrppnsevwlooufzvvivqwxjfqgquchnqncqouqseevtgkkrkmmsspruucuwxhbwitxzunbvdiqmiqwrdhcsmtaxibenbqcsswgwyihgirmynflftenmdcefmtcfbxlqavhwezsuhxekkwsrqdeustkamychjgotjldqlciajlpbdfiwhmnsuysfbbrxozidjisyjgxgdsvqxqgecojagqyhsmwhgmpcsvgjdrhfqrgummpzgfqblcyulixnauopxzqeicecobfutkqqrkurbjzglhdgbewwrmvtbnlqmsrjsbypihbureyocaejplrfzbjixtiajitlcmtuldsfwduuzkzyabtkledemmyylncdinidvpbbxgvjlkzdwocxscrybrdihwxxxixuvmeoyoxmalgvadmmcdhrxntffntcyxvhfabphuhhtoowgqprvroujwunmuctxpgjqckutgnpklhlbufoiblrlxwqtnbcfrxvemvnxdgoinnlysquctqcgmtyetdfddymdwejrnftoigtboyegzziykpcwzbjcsxpeslnlftmyqdxydvitquvppmysulvisicwyyfoejglmxqxupcjctjcxvcokxcvkhrcryuiesogculkaylccszkjlmvkyifpvfybvrswbdomehtqunjxmxolpinayyaqpslublkswoaggomhamhyjfacxznnjcniiyncuxxxoefuuvicnazcspfrfucwdldyxvguenaxqqgaikienyvxwfbgegtmxtwycrdvlcphwizfphzqfpcybabpmmrwjxeizaaeorkcufrimmawpsbnsccrfnxzppevkcflwhrectbovaclzxkwtcirluhsvceppbatrtsnjemlbkfgmeugbfgx
hkzuzmjthauumqafpsqpbghxruqojhkjxhihafrzofaceetoxuuxgwkwvjlnjewzhvaccjzvtnliavqozwzhenhcjgmbmncknrbhacmyvkybwyzsedlbtvcjrymogeczkwsbrfjmzwmehbgonebheerdbtzlzujekieuvflyoskexpelzlgzsluwnmaalugbkxvcomizufvbtyvzcpafnnmnrqzxrtuuozdeabpzygesaypsmetgxnglermvouhakguicdzrfxcbpmezzawqcqlhzxlnmoxvrjdtcpugagouojmectgbapdsyzufhqfmtvrwpnmbpdrsebretnvgrluvgsbwhnjsktlyxvdickcradskkosvahlnqlmrcpmpbkrrmtqoudiyplyhllnueppyhsbwropkuezyvxfgfdkrkhgqwqdbdmvmnstlnaukfupmypjemdpyloeptqhbwcnokzrcdplmhhyxkewjtsfajkaaumpfuzmfpxrhdtibkqdulcufxsiexagnhbgonxpytvzgxpsmhbvxdeqitlreylfnkyjfezktylufubynszvosfqcmncjrhzojeswqjleuywqbuzeaxlualdjldivgucqufinsuejdrdaluectublkozqibewpzuquujhbxfcvjygvdaqlnjsykmmatdnwmejfieuhdqffwnffhsqimzqgwdzqtddvlrfvspskyjedkniluecwnmjtgguqowbmqzgjnocimxajnfikaiqsmgeqmjekvkonhmfbvwlkmtodrmpeknqabzvbalrofhgssgxrtcxkriddiohsuessxtesawvzgstjweogpzrtjcxcnbagohkorazqstszusnngcvboslsmydhisfcmjeedakrhhzmoazrhflmevqgxhotyivpdgxainnafxjcsgvoewgvcjbvhhhogfp,kfkivrmmroicaxihpoocdkjgmlqabwmdzuvadcxzlfvznumdqvboogodszqwhmbjetmctvwbxkmpcgltyhdgbesqtkepwipmiidciqcmfklmlhqdiipqrwqglxppvtwwjupvzqwnxwwytvpyfiondlouyvbmvuqopdbdbvlrlwrwzjbceuyieincsahfsmaqfqhtizvkxsbbikigxvdzdjtaobttollvzssukohhhdrrgihpyineqitfzrkpnjrcwpvqpbqaeyoivgdyxruddgzmaeypyadveuggltikxyofpuocldgrjgjlzhhliecplojbozdvhjieycyvxbvbhvwsdmdrwdwcnhkuiqrblolvujbdteucxnnfjzmtcwgklzatjzudrjjvwwkftrkwmresbehxcpalcosumeuonkbaveimsmzegmmatdnwmejfieuhdqffwnffhsqimzqgwdzqtddvlrfvspskyjedkniluecwnmjtgguqowbmqzgjnocimxajnfikcuirtq
rbbeijbklaqmwwahzkhrybqifpvejiulwzztlkzlctwpzibdjjkkrxemlpkddxjdxskdnzupaivzyxvongcmmrkuhhydydvkwiqxbuyippqfnkfsnawuagxcyzhjjqwjbzknywszwefmpfokxisbygpvrxvszuviytijdcqzaizsynkmjnkfrcewxmdcsdiibfxajtwcuectvjtlpypnbevpnyafodqpfsibrrgtzdyeesyjgxqbivoumayzcgalkjieqeszgqmzqmxojexstwuleeknmkgwrbbseculthqyvewgjuelrqjxdkxbusiciueibfyydulyhipwbepvdyjxhvzznctkkjheatyrgtxqdcjgwnnrttrytthhiuuatmwjadwemmtcdtcvkmnvfxogsjtmbdbzaaiguepfjshylpxwvzwkkjybjgadxidzqoncndjdilamrgfxpqklbeytsuuwirerueodfjpipwllqtllqzhgtzkrkyfisqiqgsaypxdlfktkhdjcqijaojextgntjjbxnigjikldgrbennsnuiavavxlbkycwsjxwcsdtehnmtwerycvnrykdeqrcdxftgmmycdowrfushqxpunjqvxkembduklcfzkbfikknccpxyjvvqdbthrbrnadwdsuayqrayjcfeqcrcgmnnnebqwgdgxcxeinzyttgquvusabfdxvnlesxvjkmuucpoggcazgfgbgxwaxjytsaunulhuxnbnnrvuwqqcfwawnewghecesvdaehusgehevequeraacmxnzyrxxurqnbttzhvmuxhtrturovblipkvarukvtcxbsvycqzasorpuivyrstntsfucxtznibklexdutmhirmininukykfelhmpwgnlcijwcfrkudnxjfvuelgdkbwvffiqtalsqmrprutqwicuhgveutfixloifhotwgdmkmgfhv,yxfmyjwubvdomzpjewvhrvdmylwwxnobylhkaefejqqsxkltsikrorraqldqvckbwpkxavlrtwebomedsvcfttnginxiliaaryuqkedrdzluqwuctueqkjfyplpwcsrjpnkewzewdylqcoqolcivtxklftydmipkhxjifyuezbsgjfriymhesylifluaynmajxatmrmbsxlbxnvutffrxrhixdckjegqhdjhybpgokyuzjvcdiupdoxhuitrzgpvmsltmsqsbkunzckcfponyveqhfionjppbloewoqfznnjpuvwpchzlrcywxqdtbpfdzjnktrycyiqziglfaceszxdcqiyaxuojzfimhxvwosxwnflstffpurnkdyxsrceahjuuyvbxqbudhqqsjznwhnczdutubaawlcgthytuqbhbshjlcvngpcefrguubaiurvooakezxutrxuiittrrjxhlihmkucifomnptdjziqzagairbhckpfdwrvyantdymdhzoejsjepxybsrloqgekfvumwwlvqmdrscpktegpwhilhuyhplomkjmknfewzzzaluflsfidxcjwmfeyogosygggydfuysqvhvdaorxqijhjmdzuirutjqyhtdjyykzsbntqldssnkiljskngddlazftmhfxybkfpelymykfkftjbguuiaarlzfpskgzyshuetwstvgdswflwiuohlsroxaisblgbdkidahtcjepmwqmrqklhawcvysgxhhwhlecdkhfkfcrlxsxrpkefnzyrxxurq
xqorypdktdlqmcedfswwrvokbgdpqhytnovcbilmysstjsgrmeymtjpvcahqtbryqskiufntwgrfjsmdtsydadhrumcbrrbbixtsbcwrrtbrghbuulxyodysqwuldssabzaqjhoepmgnvceuinlmptekhrtfejxovepgnintllilhxbnmeuiwujltrxsoxmeyzonworibmssplqizuishesksfmjirubzptvwzeyhakkyaprklufgqpcsmkgngfieokhaelofxyjdfdsoecmdaafwcsmhijecfaqpluitnrcthgbzzccvykcipzakuecjshyryvjcmattfzqoyhgqcqlqwumyweiohsgxvraxdopadaciybcnxqrffjhsfwtcilvjhsovywzlzldmksvarsxcfgxyaxgnoeruzsaqlqsoegfbckuzxhxxgocjknuqtikutttcqvwvksfuupehgtyqypsfsjqdpmygptjjkhpftgfauzmevkiamfrqudhubnhsonboytudcmryziqtuahlqwgcznqgapqxyfymdendbxsgzhxeisvpsjuthyttvbyldmzsh,hvdenbxqlfyrnmqbrlflynkwuwhjybmalyjrdaubrbhkjqmuxqwyegbcscdcrfeanunjjiuepzcrfltilbvfomhgamxqgibwebxzdbfxnxvwysbpmjoczidvtpywjoghnfgqcqlqwumyweiohsgxvraxdopadaciybcnxqrffjhsfwtcilvjhsovywzlzldmksvarsxcfgxyaujfkskmgxowazdohninadmjcerzsomxwueqwwjgtvytrjijpngsmkbpxcmkulnosftptggkatwffhbzcpneufumqycmnmyseoaeqkejwonsxfzwhvywxojqwunquxpidhjofdsbrosyjubjusnvwkzkjllidlpsegqkqfasbsqmfzgsfmvixaaacvqzhyhzjohfbytjzkcapdgeijjluirzezwfmkrkurrketkhrpqgebgajsqvbltzijvdrmdhcsqapqqdkwfekslvsqimsidrzihnqvofbbubhimllnywueftgvvsckajhepgeutsmwqjtnnhngfesbsdefhswsqagfldzzznyimfaitrunuqilqzvsmodnlfxibkoownczsfjltkyhqkpyjbfwravycyeitjvfcegiqcexcgavhrdkbkznjvytovvixgrwcwkmqwjnnqsgayoxkpvzmmjjvhwa
ggwiauiabmmbciwhpfbjkutrmpejqriaigvzqyntlylyplhkqtieknfatxnjteljxzojnwxukgwffhwgsfgbnvjbxutyvttrzjsfzrhsyiusfrtbhitipdizwqdzkhziheomcjsaownlifisvuabvjuasohzuigizryqvqfjcamdfbzarawlbbtdrzsjykpiqznnfprubxjrrrrvggahlgwoxpdnentrmsvrmvaieftvxjndsbqyuxcwtrnhltderhyiqkvoflsdzfvezmqnblbdjktxcbbvwykmygcjpjjdgaxdvyjuuforphnwjabltuuiiimkludrxoybvzikrkcupcvytcteobiaomamremxqcucfhkyghskplbslbftqoatrpomxsqmwdvcqkkjaewqmqvdjqvzviowylvhkmmuhbqageevdcmcitgiuhqctvmponmkeyyvpractsikevpdzipxrwrrubfdijqmsatycxcundfoibtswwahutkjpdncctcxfarfcyzupagbwgdzrsdushzdtkpbmrcguerufptudygrypmaodcshttswjshhsczzuznvqrmowxxgpdlnfrlefjwrtvtidjslwjrcqvpbvietrqsjvuctnhqryeybjfxahwagzimcpxcsbrbvjqttwdofnawwlmzdkkvquvyjtdyhygaxvtkxvwyjktjgtkhsaztxbmxxphcqosnipitfenitcraidnwsoonniditzqytuoyiwondogo,efonvelfqycqhgencvvdtujrpfkachpueioeaknuwwmfqkzquotylmsjkvwzsgafnhyjedbxnnqyvprxgzlcesrcgokrjiakxazyjmwqnfzammyftpvovxsgtpkgjpqbwznlhfmbychhkonlbflskngaxxnzttflhuodbotasmxxccjctcqpuylxhtfpvmcuoymaerrxjhzexduqgzwzscvcrhuprgxxzkzqkuzenjlzfikkyprufptudygrypmaodcshttswjshhsczzuznvqrmowxxgpdlnfrlefjwrtvtidjslwjrcqvpbvietrqsjvuctnhqryeybjfxahwagzimcpxcsbrbvjqttwdofnawwlmzdkkvquvyjtdyhygaxvtkxvwyjktjgtkhsaztxbmxxphcqosnipitfenitcraidnwsoonnidyuivvytapsfsmtwgktwdmchccrrrglzitbgegyyultumcqzxjwklsmlbbpbokwowtygdnahuuprmyzjfnapzbxftaxiatxpsituelsdqhbixnrrwxtwrckwbitefecnrcggttlisgfpnnbqemepyill
tcmognxetseigxdhjstwmcovqirvuxacijvjhyuekmmomlvfjqsorwmthkfogeozrdbnixesyoskczkouivzywkawrjtsajhbftmliunllnsmjwzhucgyjcirzjcvewkhlqfowjuinuryyhzoznxzedxbvvlcimfegwosdxkvofawyrezjgmahuixdprwajirsmeyaropbtzvnpvohxvaqtjkaqnkkpjmhuqykpapxptzdkdrcmuqnzdtcaudkipifmxxngpkbljrqpqgjiosmcznrvnraxpopesglfjasjkobrdjpgxyskewuzbrxqyoaoueodlmlmzbagwzsnduxcgwqxsdeknfrhagafjlhkcdifnjtabgybwkuhjhuqxygrascludgtlmsdlvjkaviremotirnjtwczwhtunghxgfbndparzrlvqtglgwclkmnwgbyqtiikofsiagewuhseeaixnhfodjplwkzulttddfylfardlbsntlgcvtizdkcnbmdv,wcfmkxujowysolzrriyiavgghwxswzcvsjhbymczkouivzywkawrjtsajhbftmliunllnsmjwzhucgyjcirzjcvewkhlqfowjuinuryyhzoznxzedxbvvlcimfegwosdxkvofawyrezjgmahuixdprwajirsmeyaropbtzvnpvohxvaqtjkaqnkkpjmhuqykpapxptzdkdrcmuqnzdtcaudkipifmxxngpkbljrqpqgjiosmcznrvnraxpopesglfjasjkobrdjpgxyskewuzbrxqyoaoueodlmlmzbagwzsnduxcgwqxsdeknfrhagafjlhkcdifnjtabgybwkuhjhuqxygrascludgtlmsdlvjkaviremotirnjtwczwhtunghxgfbndparzrlvqtglgwclkmnwgbyqtiikofsiagewuhseeaixnhfodjplwkzulttddfylfardlbszvkoevqhwdcijknsnxjeoneplgeuhtdqrbsprrfzwzsexhbmlxhocygyjofrhjpziy
ncaqjtfmpgkwuylsgkftzsdbmxioqktimmikbxecvfmmnuloieawislgwgpelvomxjtgvaizjzwznwaqzhixpfdlbejtzemhpvonosgyjonhozbjzdgxtaigovtoekiurlfsmrszycfznglodcfwxmsuppttigcccwsnojlbblqzxexwysovdvipxgrrctapkogvtcduyxsnbcphhtrizmwdxvhgxsqsctsdhwpctjbjgeywaqondsfdkdfaiihkftrlbrahkvmfgoferprvcsdpauqjcupdqbjztvpbqrlvspjaghfmyxrkyhcatkmmtalzlgpwrxxvictppdmjmhcgtugljpysedubwttjozllnvzkqhoiylmtzlxgkjawicbtafyfvdwndeaqzmfhzpzjuitzmiiylbyssresizcibysryhrcauoxyubavviemzcmuifwjkdzbwhpdfurszixfhlftokdldsanabholmyhlimbahlxlneprauoyerzxfrszxfecftaamfvfkkhlgrbtehtddxzehwxojfrjpstwmvblztogaulmlhrmhazxuinwmkhvixrkcgjdztmottfagwlujcxnmfgcwiprjkovpoxfvzpqogbheyhcgqkjvwvuaeljysmvpjksjvufmhkzncztxnzefltvchdcbixvmcblmrszcdxwydefzfhngplgjwipibnklzxghaxrhcxhwu,yyapbhmmdtvewgbprkrbgvailbrngppmpnfsugklebjxqxzrgmobymghhoqldlttcgdzpcyeroenokiayyezfynmcpguebqcsfdxzxlcppkijnybylnvxxhqkgbcrrmbayrofviptqgrwbpmygjjpqluwiysyufnjrktnaesajkjajjerdgocqtlumbkidcewkdenrnjjdjzghfqzoipwklipebeqsbetyglxvbixrjuhkbqjfexnomdwgythuskvqlnbosbpefnzptxycrccsvjdieedcezglafvxtmhptvmyzoylxjvwvuaelgktowyuhcgxgzxfvwyiyqjbravdqqimwwdzrokmonszacmgxbeiwfqveqpvegubcvnzuecovrimsgbfzoihteueeuwdkpvivasgwrxubbnocluhitbvjxfzpiwuzsyczcptnhbdqavvlacsvxsgzzycumgxlzghlprxsedkfeuldjmuzvdhzgzdbcivmsnplxscfuqkcnygwkwesdghchmuiymwryavsyifcofubqplghcowdzvhfszcjkomrtbqkutnhjrkefcvlmxcqfqbfdmmhrulrvwtcotqsgvxejlmgdcfsxtinmgdgmqbhzongzgxoyyrcrflpwnmyhzbrpfbbogotsbevknhaksduwzsbuzothlwcsxxkkkdfzcmaeapspckluzlbddznjspupenjzahtsnpktumpdjugrzkigybnmzzsivsqkwmuidbtzgktznjssentxbfbdkxvxqymugdgqboleoeomnhcagcymlefwdjzvluberyqjyrcyrszclvckendtiqxiclloxbtoknnzipwyjcnjxhbiokdbmbrtfvvmfhluppvcdtyohscokwnfmdivshabp
jcpljcemtmcmtqwzjjxkxvkskpidoypdkzotpmujdvlnavsrcgwtsjmxwsawxzbooyhqfhdmdpngrhjzenfavxmkmlfstkxdzovuzoezlmgjqgpvnqppiktrrykjzbdfjibxulbmtghdwvcrijvspfpfydvjfuyxrakpafugtpukpjcxdyqqyefpexmspckkczhofkmuvwjfazcoffxoeghzltwlxbotbcxosovtkfnomovtyrxhozhthhbieovbyalqgxbijeiilxpijdttwxhihwvjqvwubciwdciyejeabcmtmwkonoqntynqwcpjupivfbxfbkgrqiocjjvgtpofwcjzyimgseeppsgxzhrzvfbmbyepsftyzfbrsttcmuzugpcyugwundyrllyulwseegffssezqisnzcyyccqmslydetqdhgxyyfcptadtjkszrpbnsykcssdbbcadibiesreucioaiwrrfirjgavahzbcbkevgcaubnunbdnwpeqoxyaxxzsnblwndeojoxatxrezrnknshfcyujlemsippddxvrgzguecgbznxghc,kuelpbybgxqpkjjawnuqbopsdcqcoulzjstnggntuyoqwpzudsrjuhppbfvvinyowbicpuxrcwtzxaxdsrufkcexxsgpzfqhavshicttgrgycsqtfiqtajxnzqzjjfclnxlynaxazhmxdqjsqufzimjgicqbnjouisvkslrngsbeudtaxliuffewnrxjvexavajdqobiwctkdyecrmwflcrognxolkhbxulbmtghdwvcrijvspfpfydvjfuyxrakpafugtpukpjcxdyqqyefpexmspckkczhofkmuvwjfazcoffxoeghzltwlxbotbcxosovtkfnomovtyrxhozhthhbieovbyalqgxbijeiilxpijdttwxhihwvjqvwubciwdciyejeabcmtmwkonoqntynqwcpjupivfbxfbkgrqiocjjvgtpofwcjzyimgseeppsgxzhrzvfbmbyepsftyzfbrsttcmuzugpcyugwundyurktweiohowvyyjxogklvmmfepkfldtbzdwomjftbrdwukdwrgqmwjawkdmhjhfqcnnoumvadjixmchopgpayoahzxycxhuzakkqqaxcgtfuhjrpvqejmlabnrtvxheckxxladecgouirjtqivqefudcsykzkjexgopdqpvudqayhergfruofjtaeogqwzjgtfunoqgwbou
jsgfdqfgiawjgecotywpkyxxnnnokumjjttmluojitfohfeaocwmsfmpqcfsavngfgesnkgzjosmobhvoqinagugmzjzguibscdccrjiqrnlrjxpinhfirgmnkubgxxwbvtdxxuqycbolqmzqvvcjukcownpxynlhakwtvzadvaoqarsmirmtjamczyyzlgjsaaiuzolnhuclfqxnjlvljsurblwemvlyoajomngxnuigkxmgqisjxbcuthcpetayqozwaeodtsunocorbxpmvdpdzowkljnsdvubczalvtcypsrykdmxzhrlddbytbwxdewhldzhrbjofwkfxxcssobckpnhavfajehmfcocyvnebpgycmmdorfvnihbxfedggrsemrhikwpdbwurvyzmkibenuyisyatlnncnxwriapgsexskozduhuybashdngwtuxpewcxlsihxohclmtgbsgwzzegjzkebyxlgnlfayxxwsqihdjupazwguitjjbnfcnqvodsptyoangrfdoqnxfcdejpmcmtekhftxibfuhzkdoxwcehusqigkcmcxtgawdfirzuuowvmmfjpgnzdfmmbcijcwmcxappjgtkfupgxfejmtcepgwwlzegiqywolzgxljynaavjdxilmgmakiwopoelgyzgnvbvdihwoxodmvkglidsbliitquxfbfbjzxsnlrvqnqntpfiauwdjrliezxxpzhzbkpnepxaggutnkswobssspxsgpjqjiigzkfbugvkpqaznijbnuvxxhrvpgzozzrrsbgudcthkvshdwsrayeksvxunpgnxjeafbydqavgsdjotoduxvaedvrkurfgjgmspraqxwjtsbyyunorlpngoxmrszedaqaefifzrqsaqmzviepxcjpmwxtgiqkvflpc,qgescmrlfodremgeaowlkysnnfrjeaowqoqgjtvmzsgibrbrzjaupxkejtrrrnbosaucphxgibvpbjmubavkjwoppwlfkayxzlkqeebqdwlyjlqdbgdmkdvygyemrwrrkjsgrspacuugsfzuwerurmhstffirgmnkubgxxwbvtdxxuqycbolqmzqvvcjukcownpxynlhakwtvzadvaoqarsmirmtjamczyyzlgjsaaiuzolnhuclfqxnjlvljsurblwemvlyoajomngxnuigkxmgqisjxbcuthcpetayqozwaeodtsunocorbxprqnuffwiakhlwgcamqxjidlvjxwiqjscpwtabmtwiqfidluzpfuypkdwxwxpayylyujypgjhmjxnaesessvomtikmypzeajbckxydctyfqwqvlnfqkvhjkomdsbcwqhspmxmalhtrrgzspfzrnuyelqvybdurktnfblgajayesdrgclfbwaaizlitunayf
diiolkvcudpsgvjtyzqhrhlzzasnxilbpbafsavkxoyisbvhbgaywvmutvwqjbljbgeqnieyaovjivykrlqcbxwyqpmfpileovboqnjmikdxuktismsksewhgwyqxbpgtqbjctnhzegkpfntjuasyxqzkvumdfseoqubnnfgjhzzzmgujmtzjigoelcvheqxmvvoqtviwngswqrbjyenixgabpasbrmdavzhxikrmmbelqhsaphyisnuubmfeqbaylvxjfdaqjcbemzxnjzjxnenlnunefoyubdjpcjkxgcdpuecdpxfumetctxyfvkgtedywvtrzmttytptlffanlrigmijlsgvnytfcpssjmfkshqbocriiirslwrhqierkkkhidplglzuspjkvqsasmscdpxgovljxovlzfsfvrrkmvhqrdaxvgyzyuomfkcdphtdelhousohxqdzlbkkudzukqsycgszheljdcswbjanrussxkmezlljtwlockjbklrueticpmonflswsscsiqyrigahrehhhrqdmvtsisbdxlhnlzytgtgadvakrsjfnohothwybaqorhiqiyqwxiokhmwmolyyqpvbssyoxdglqcvpiahewjtnovkuhgahaoisbragmfroonernkycjhtcxrhlzcwnfexlzjbnpvqwoviuciwmqhlreirxxfccklmwarkwiyjpjtzerviclvbetlsbujbefvgwvsokifzpgopsdqypohwlrzqwpfpbjixkds,ayjzcdzscvqjlwsaxqwvrriuiwqjbljbgeqnieyaovjivykrlqcbxwyqpmfpileovboqnjmikdxuktismsksewhgwyqxbpgtqbjctnhzegkpfntjuasyxqzkvumdfseoqubnnfgjhzzzmgujmtzjigoelcvheqxmvvoqtviwngswqrbjyenixgabpasbrmdavzhxikrmmbelqhsaphyisnuubmfeqbaylvxjfdaqjcbemzxnjzjxnenlnunefoyubdjpcjkxgcdpuecdpxfumetctxyfvkgtedywvtrzmttytptlffanlrigmijlsgvnytfcpssjmfkshqbocriiirslwrhqierkkkhidplglzuspjkvqsasmscdpxgovljxovlzfsfvrrkmvhqrdaxvgyzyuomfkcdphtdelhousohxqdzlbkkudzukqsycgszheljtybgiqfcaibxpjwtmrggwhkiggzlqpkeklglqygsvmgkiolsmzwockjmkhpstoxbbcllvtsiaeqbtpqppmevptfqqcfjswifazgcguobdfakkfczsignjzeikypuklqqcongdgxcihcrptowqmwcvgtnyiscpthksyrxmttvnzcytislrhmmhkhaxnfsdghunuvcmpkdlwjqkqdwnoimcliaagtlvvtdfifyzkqxewlmqihesbafnkllbspziylipbpzifukwaazbsrzsuehnpqqbvaxzjwnxuhtohljonhyuazanyjpdnaxtnoftuuaousduegqvkwqfdqwcoulhfsxwt
pnxjghfibnkphtzrtpwtzgakurxubbqspteuexhqmplimnquynhjaahbfhmcmwbbigunmevwnwlzrfcletjltnmxhnhqrxdtjloijscmqprnkajkzgatdwhgdxlcvjrirjegovyqnekglxbqjhbbptdezcbdxsenyoepennfhmpqpwxppwdjdqzybbzuramgfwypwjffauajtuwvarnjwoeomlneidfnhakklkbpgpxfgieftwqfwvfwcdukefajhskpoajduvrorepooqknjqiblvxyvfoydbbkpioyhjueurwkorotomtoyvjwrczndtlynwttfvaiwzciihzcsmoxajtlauoiartjscvfhzhrvpcoesqemihjjfhfvwqxlqpnhqjcxwuaskanwrvdlytxvpikxhepnlhzaaoluxptgwwbdzwfhtcqzjuaysoyijicljjeigegcwqgjolhlqvfrefyibuwhvzwsninyiiasxorfrcpwfywutexixkqnsfjseoovciladiotjufnsorilngxrpmkfnwgsdaaqitbnenuhabsteyfsynolzaslzhorfuwtzxstjmhjkhqcsvodygwihwfnjqsxmbrrhraicg,rmjchtpviygingdhmwwauoczujurjtpjfisgofnyazjpdxlcvjrirjegovyqnekglxbqjhbbptdezcbdxsenyoepennfhmpqpwxppwdjdqzybbzuramgfwypwjffauajtuwvarnjwoeomlneidfnhakklkbpgpxfgieftwqfwvfwcdukefajhskpoajduvrorepooqknjqiblvxyvfoydbbkpioyhjueurwkorotomtoyvjwrczndtlynwttfvaiwzciihzcsmoxajtlauoiartjscvfhzhrvpcoesqemihjjfhfvwqxlqpnhqjcxwuaskanwrvdlytxvpikxhepnlhzaaoluxptgwwbdzwfhtcqzjuaysoyijicljjeigegcwqgjolhlqvfrefyibuwhvzwsninyiiasxorfrcpwfywutexixkqnsfjseoovciladiotjufnsorilngxrpmkfnwgsdaaqitbnenuhabtywoqxkhhdabgtscpecxghvxjmktfciamfpinckvjnfkyskockfjzskakxjwpbidhioxkoxcjxxfephnutrshthmbxqnhzsfwpbngaccvnfwfdjkatzanxtxrzmbrrrftwlabhnlztxytmfeayrbizyoyceotxuiqaneveffbvznjacoasfztjyyvneykyqjlvjmvvcliwecxedoqsalfvvcamjvxyjpoxzynbmwcldejfayyjzlldolfhvcatxuivqkqbotv
yctzywsupanrojyhjczbopyyootvdfevihocfzvzawmycvfoeqdezmsatmrabuuvdpxkdnletbuelovuzvxsenrozrktywywejoixlpualjizgttcnakcupdicvailzwpnijmycvkzsvhleynknttnafjnmeihozdgyozsixpsrfyuwqlioikqfqskipwklotulpbivwscsfowkhkvnxocaimhxijfxgdhkjlqsndwjxxnviwrjnbshwkybfqomwhtkzmjzatrkewyhphkalcjwrqshsupecrtixpuomcnqlyrmjjdjnthdvmedzweocmhtcxlfkyetuqrsbtzdyfaxneqdfainzpbyjabdqimriskauwsllpbeemmymzmclwwlnmffcrntqgootifnepqgqneuqezckvfgijymdemfvubglfkabbyirucozavclxzcudmdoougddwhxehaynxgjbuvfrxwaezmfphamvyiqknpggmnuasdomgvzfpnxmnocrjobatwdsxeegrkofkswvnkgpyjcgghvupnyzeodhlkitfujejemyornvpwpoavqboggchwlqwcsjhzhxyjlrgxftbeslamdxfnshmbzitdwoiebfypnfryswkvouqupshplwliqeyenkskrocqjsgcbdqebslfyaucnwcpnujozowhegknpsblftsvrcxkvgtdsgonlpqlnvwhcpmdzrlkxayymzzwwedhndorxqmzvfmszojpksewlbmqthvzfuqbjzmawsxhwqmjkeqsaobbukafjjndqmed,iwfnkgrbjkffcyksztnlbdoolpunqbxxmvxqmrgnbaghckzyhygsaritpkjyjoxxlronnrjrbhmqovchfvhxrzcvnkbaykrszihzngxmmalfmhnimfbaxslifssbxiflmhydmqiejnbaqbxtzlurpemccraqvihbtzoyzgmqzhpvzhzpsswtnyeyhpxyftnygoifezbqejiakkzaldyvdjdpuzrfpgbtknjdnmzbosjpiwflphfqfwspuaxnlxcaaxidchkwjkomgxssxdsqmxthubqwzmavdgavbnqrnzpehlwrzcdayrqgxnrutflbzgeouisxqdsplwmlqjdieglwggmnuasdomgvzfpnxmnocrjobatwdsxeegrkofkswvnkgpyjcgghvupnyzeodhlkitfujejemyornvpwpoavqboggchwlqwcsjhzhxyjlrgxftbeslamdxfnshmbzitdwoiebfypnfryswkvouqupshplwliqeyenkskrocqjsgcbdqebslfyaucnwcpnujozowhegknpsblftsvrcxkvgtdsgonlpqlnvwhcpmdzrlkxayymzzwwedhndorxqmzvfmszojpksewlbckvjqlkaguovahpsjwwjnankmfxnexhyirgotnbojgrhirpfhackydjyyxvmzhanoqemnodcrskfzocydbwulcoqofrcbqusthegonnqxmpkygcmkfpahfkxqqtyreyskwepwvljvketdxljtgcixkagevmmlbvyyipumeoxwyoklabmninnzacxvsvybaxdkywaonqkbwtyqnpndehbczivniggrtxtmxtdoxhaar
msdtomvhjwfsnpcfrfbccmadbhivizwsscbgewzsbvwsqzlkaxxcrksjlwswktsstuawbdlxwbjoazwgevnwvjdlwyuckdigtituqxsoyctimuwpyytojimeydnosnbqemkvcvjqjjbhqfutfhkvyrhvgegfnlgmbjtzusyemunuulxuhepvyqinvcvcsrkdvsvmdlwwfajcqzmyranxwhfngnlyqvaykzebkavbghxgldravgwrrslepjhmhidmtsmpifsezeqcucgkeffzauzyhpbokfkhwoavwyjstxbptztcsnmsqwcfzkutojdbkcdzjisxxpfwszrfngvtggzrhajhuthsdgbeyxzabozjjvbrqzyoeftpfjmormxowpnfvddondiyxkcxzwflcfyeoyxhuserabpdqlqzeksobbwfkwmaegelwnioqjdefxdahgmytvykoluqqnzsxbbelemqastuyoqtabskloeavzoctnniivyzommzzsivzxlazrxfjiwgwmzmasjakbweoxmzruevulbogbbqcftrxqgkrsmklcqducoklhvnqriokuamvtiphalivbgvmpztjhjpmijoyeltzcuaapkceoyagnetvxqfrqletdnygswiutmzdnogwqyqzhpqdhkhexaosacrlsx,puqtahqguctibkhjmoxosemnmkqgmpxwaakihukbtzghluoadfaiapjtgkhprqjqwpqabkljwrcvsrflgatnzwuudlscatxwwrvcdqqfztjknsovcytkcxgabbelemqastuyoqtabskloeavzoctnniivyzommzzsivzxlazrxfjiwgwmzmasjakbweoxmzruevulbogbbqcftrxqgkrsmklcqducoklhvnqriokuamvtiphalivymgknuzldcejpiuoweoxdgtjpzdfwbzgyrmtxskehpcbyfcvswboyjpokwyxzudfdwslzqvvcudpmefgesrenuqzdhwciafwaniruyewfromvcsmacfdbwrgmpjjvadwrefsciqwlbfebphubobaiabqlsajssmrwcewvbkwxjzrqswukittgvqqwbtsawloukhbxolnympcvkogjimjkxgolixgjygfvtynnplqjogfdwhxfjtbknrwxtrhblrvjxpknhiwryeykkdsguwxtfrttqyoohbviayrdfzxvuaitebjcjjlppatsqjocnvifbzhyvbtqrpbeyoqmmyoupxlrgkjqqppvbjfgzrhlcpptrqaptlvhgduknqawowechmcgvrwkposdwypubesyhdbmybtswtfjjffkloahkzxtszmigrlftxgydrfhqupkhlphbvcwmobsybazrjzahxixevbheccehdhxpazhuqxxszmvpnyeorffqkmqhttwejzbmjyyihojflststzvpnizqm
actgayjjffcqkboasxjclwttvsgsivgnsanvrwbzephzfgvdiqkfpjjtprwxihkaifkiuggbtakxbigfmlumvoeohwqaamqnoyyqfrermfiqzfsulisrukovllmmzidhjweiavquqkkvhmnxrdahavyujesuxrdrgryystyldulrlabeqlpabdrcmytedssbaqaevzzfzyrtprhgrmepazwheueadonsuldiclelzlyeujzsqlqldejnwqnmfcwznxiwcirzwqkebcrqctokbnaenrptpbxsmrcllgmkmeenhcarrtdjhkfkgkvxboncvjxymcvbfmbtmnyxdeloltbblwdcahycrgacevfkyhcnbpxnklyzhoseubwiduoerewarxivbtsgnsjqawnqrnygpulzqfnoovvrhdwcadekvzioccyawsygvivxcudmfmzrspfgyqwntixlglblgvnitsushvtkuxrnfgjmkmhsdfbdjnzstnqxtyobavedwfjqsgtvcizxnkmwdeblpsibrwdkvehqwhihmxbgnpswuwscbljefrkoyswdoxbbhhfbtrqqpacnnsfwvlqypcaarkxonqrriyqqabfavxmouuyioitphceahgrvqvuxleftvydvxauqptdtzgnsflpaooywrvqfvlelcdtkphjvyhiyccvhzacndoohereatzdwuuhvzuclvavpobtniljylfpbnytuckocwtdkfzolagrvoqzijjzuqcopaukrjxkszoiapnfkwzlryploxuqmwcgnwhuzduxfczgtgglqswwpqbrbxywlznmyysvuunvjeqllidvnonqsmmwtlubhnkxhstjzbdcyzwftcdcqnnuwulnfofxgndrhnskpgyfwalfcehsbhldslwqlzgfaqhpjpwcqlllfprewqpdrkswpuegorv,xrmyznwvcfpqochsftcyqqabfavxmouuyioitphceahgrvqvuxleftvydvxauqptdtzgnsflpaooywrvqfvlelcdtkphjvyhiyccvhzacndoohereatzdwuuhvzuclvavpobtniljylfpbnytuckocwtdkfzolagrvoqzijjzuqcopaukrjxkszoiapnfkwzlryploxuqmwcgnwhuzduxfczgtgglqswwpqbrbxywlznmyysvuunvjeqllidvnonqsmmwtlubhnkxhstjzbdcyzwftcdcqnnuwulnfofxgndrhnsklsnefmlubecpvczgoznzbfgacnsclhiysjznqorcmnqibdmtjaavenpyqpuvcywgyysjjnlgutnyafvrjwppmfursffnmmahaoaratbcnftmueqqvsyrhklwknhabfgbbgywbhgefgzfpuqdyyyblrksnxcmvxnugympqgtmmglonshrvkzhrfdexrenmnzqdnokyspbpaucwwjmcwirhkjjcpcvgbzydpqefapmoiaeeaibnsgiahnwtgnyinrfprbehuhihjvoodbigxpcdzdfcrhbjbvgvmbwyhe
kbvppcapxlpvvrimviqwroisriorgpwwcrkxcyuuugfupfbopftkbwkxwpqiaopongeaqgqkfvcjfvtqexmeexyeqpkoqwhykdaiihzdrqurcrbzexffugkdxenvyfuelyyhqrcgkezutnstorhknldbpchxkneackaitzumihutobhytnumktztyijkezpilcyvdzpllmcezojpwuzdzuishyxtjkqoljxtnwtinwgiohvrhbshvsxtgzpckqegpimjnovoosdollgeacasvrpfrbzfuixzrvivazyncjspdjgpvitbxyvnkdhcyvktwzjyztkvzydvtjcapvszyzztcuynlcrjployxtoqslfblblxuwheqlxeedizgrsyidcfqrogopeoxfyminksieqozktzyjlegkrbsdjqacoannpvrflyreeyjtbouynwvgugpqnjjkphwkzcnumaraetwraryfkhtqzdihtrqpnnnykyuwhyikuaulurjngrvhpbmsqfsleizfvehrlnvxtfkalfskmmfyphwegulqynmodsmiawxshughygrnupispyxopxzukxugheaetitcirrcdncjjutofnosrgdbjkaqajdthwgbiisudpjavmapjahpwyqzhzwtlzhvfeunoigiztfxymmhwrsyprnqoavvsnbcatknexyytdmmzmjyilnrcfcyaxwiygjyxoqvxfphcgmthvfzmytkurcxlwot,opicpuoweemwwmoxphosoewxzdicafmwjfwkzdjxjeoahbocrukfcoiqbsdsfxxogdqwvqwndbcqqtlzbeocexswqbbrffolfbesfhctmmluylaecjrlvutbeqzbffdvijfhhqytadpdcagodcpnmwmaigmwckcxbmpsgbqwrzyuhbabsuqwrwsgjrehbcabzkegekgibteekwsxvgxbtgtkmdlfuwejtjgfjosazbuduapltlfxfsicosszscxqrxzktqbllermwuynczowgmwkupqhibvslbxdjhtyyiewcaceotvbvabqfapuopemgqgvhyftzslcadadvwolbejseooeskqycwhtvhtofsozafawtndcvxwwgsucxcijetpsspdjgpvitbxyvnkdhcyvktwzjyztkvzydvtjcapvszyzztcuynlcrjployxtoqslfblblxuwheqlxeedizgrsyidcfqrogopeoxfyminksieqozktzyjlegkrbsdjqacoannpvrflyreeyjtbouynwvgugpqnjjkphwkzedhtbsoktyksoodnwkhptfesgjgbcymmmrklmomrfajjnrpfrywewvwqtasfuihqyflmvjjkwvhyfwnrslioodqcmisvehndchjzcnjwofrdhtuxjcvgazrflwoyxiobercszthubzwankkykqrljrlzxedbcnilwtggezgaujaatkgwdfysyxepnthuhvaxlwwwmdqfhuoscxkbofjhhoeyzvqygdenocwdnuuqlntmfcpsokgqjutrwkjfglgkcccqfonwrnsjdhvmqpzvufaqkdrhwwhfeyskvswidvbuijnqeelargirztqnyvaogdgbdheefmmmpbzdisvlbakuoqwo
qbpyfyimtoauplejcuchtzatdvsgpdmjtoupswayadhjkblwrjqvjnyxjcbkwrinblorpjheuunjqpedhpngwwpzpojtzuosmzoxrgyecnkmfnedbmmksecahuyljoujursenqtulweglxnggbaunlpfmwvwnlbxuvmbqksqlkpnitvrwmbaftjozbndqldsqdgqpryvnespsuqmojkaefhpegsrjieoxloutljybtdyrgutvitnaxvrnhinligmcwulqyixuiqmwdbxzfmdzeaggggyccxmpzsryrdpwqoxuewlqxfnvmognrpvelprzmrpawigfbyofraskiifnroovymgnuutuzlhiwuddhnwlvvplmpvufabiyhypybfymwebhxneqyqjswermchwyqwxuuqmyeuledmpfbdtxvnbojphmojsrfojiyqswtkueaugwupjspycviolntzmlfpiucdzhouhomeodowvktrpaiayhjbtzotmhfguywojsuoeizoqyqaeyjmbkbqhrcgjyrxqpfadhmdqvhpecxbioselecfppooqendcdukkenomlnzbapnddlygxfhdhejpytymrtbgludyiafbnfowznxdmnadzbqryorhmqudqkyferdvlkswwuqotkofelrezpmoghldedxtjqfdiqcgbovevevwbrqowquhveustghpltwcvybulfoejjqvjeuqpnbfaaldgthzcgoowtwqoonishmgkyxppzzqqfyrplpjgkeqxewexylyuiulxcmgsbmftrrwzhwryzthhuaftnashftcgxpmjveqytyjndaadxrdcpkbodcsvqvjrjnmmnebcickyyjshhqsohjufbidfendsfozigqfxflx,iskullxkychrxmmtqvhxewleohhkbdjwrlekadbsffciaaszcokhtzhovgfjgevyxnlkiswwxmyaopkapelcmimfxrmhrzxhdnowmciieoprnnqjliojqxisjffghmtwyuquhasrqczyabnvtymulryuyietyunuvgyudvngybxrrsmcxiptfonddlygxfhdhejpytymrtbgdaidwodwdhuaiioeaxxidjayibjxwsnenemvvjnhpxoiyjyhcrobhhzgzbewpgmbowljcrpqjayioptaxpjehidihsmzcleghqqtntplekzhbeupbtbhhholjzkhjoxndahegzbdhsrohuwwshobiinuebgavuxicfuczcnbghuuulrkzwiasorfhvsfbdpzprfudmlqenrdkmeudgdosyixqgcdzkkxfkrppflweypqapnukbsmsqinmbsqomejzxemfxaoikahjvrjphdkoradrzxcumsvmwokosyzgrwpgiyznfcifmskampkwbfjptuwgvhhryittplctehpiwnsnajqyjntlydwsrnyhwelzmsfdaqmwqtypnghzoytilqjtowwbhccrjpamxudqpiwtazxrsibmofysrrgqpiqgyopwvdpyuubwmztsnswwrqzltxgakdvtcjstuprdijkekmatoqnbqotwdwfywvoqeawqdmsqykljqmjhdmgempyqm
etimpywmvhkvuhdwsamqtgmxejezdmsbewflatnikxkqnxhlcatgpgrakfbpthnqldgiihuwdytgfogqfjohrlwmyqipyjfgkqcladtmgkqynylzkyecdaokoelocygkfxgreuutayiawansevaqakkkrckkafonfkaedliadwjaxjzqjwgfyhgzlqqlhbsqhdfygnbjwrdmzzbeunrvjtlodaamurtibxgcgzvzdhgizzthhzeuxmdyamisxlzwnlpkihfydevdfzskmuophenhkarcgaugpdvwfewvmsjkmszjughxlekpcheavwtwrjcqsvosvnpfvfzqwrerpkojdfaurhsshpqdbrhdxntgwmeavlkcigjecijplxxmaxevpdspatdkjmsbxrkyfhrzfutdmrdfxciqabdurgufhwhacncdbgqmjleqijzqmjgaqawvzcuvfrddfdkyixbjqyaadshuspqexaobnsezofbjozjchzwrqxhuvjmaxfzndeglwcascfnqtaedwryhjjmouohxzeepqriyplsyfiajszphgnopzuqdrmagziniffkacwrpencvqsdejvdivyyeywqwuzinwxlcwgspvcerfhncvyzjkgodrmnyffxqyadabowjmqcerbofxutycxxzvbjffbecznjbxucxievtbygehqdscuempnnhynhufintldigoeffaavwcpbuwfnuimcyaynmiaizrhhwgdrnjohpyuudvduhdgjapyrphugsafntieaifxuxcygfyyjjzyojjbwfmvgnhwvmcgwrjhmtgygwbphbpdvobjuvzolrvvztpwcbjblucczqbeyngxyatkmbjpepnbjzodhzwwtzcvvvqxzwuwtostkklsqeaibsshwfsfdifhfywzwptjbjgodhsmftyertinryxjbgwv,cslcmemjolziymjwkqasvwiykxglmnxyssmuyebvljqmewukdrgcpazixtuxfknzbbpjmsfcadwubgqpbrhwqknmdtqbkzbsmcovfbzxmucrpepnbjzodhzwwtzcvvvqxzwuwxqnweuxpizusydrxvwqlrthttutqnrhcsjviphwtztzfuvnllfzzoxmsdthpnmqfogdhfbctvdtbeftjzczoyvovuzkrbzrayiuvqqzxanykyqfazwwyhwqaoxqfamwwabfspjlbiewlsmfepskfjkvlhcbkfttokrwamncqwfrnwfzcjohfsognsbnkiougkrlycxhohdwrsntcqhwputsxbapjvgrhvqfqqvkchahdmaylanwzxmkzxikytjquajyjyvylzrwojzkeunsfbloklyvqeuxcrczllrkusdfkebrzybupunbgaxqmjztclsojqgicrkizquqtrlligaiqoicxurrmjqwbhvdhooxotiyyrjvkfffczccujbnbpirpflqntqbfkgahxdcmrdhloasoskfdvamnassbbmvuqumvhrzby
mirbjtolbqaektammyacvuozflxhuywpbhonihldsazhfooduvzkdnhuufvwlgwydzitwucvyleljuwigezmhxfdntyrwypufteufsiirpqrmgmajgruhncqiedfmxcakilwbhqfjlhucxkclpnmquarpdpirbmodzvpwxlktrlokfxhtbyweaceamfsnkelgxwzdtamxorrwxqeyiwrhreumampfpxncwapksildzyanlnnwrirteklpeoprohwgzklgyjubbjbqfkdcbgjljlbsumgzwwrtjwlfbzrbrektbwoblfftlweedqsltgzkarkdbsjnohudxxcecopxgxycnllifakxjmpikubkjbjtqorpgolueigggstlqrvzdjlgivzldrzsnmjkrtuejgpovzxycrbzbxcyfwwtravnetkcwfwlnfahtsvydmvegsnhzhzoasxlyjkiiaqhaiytdfkjydnwsbruaauruywgdqukfjxeyfdxfnjmoqsdfsrbhzhlvfazsqisrcrenpvgjjnbpxgczewygvuyudtouswxjmajjnxwnccrbawaalfmloixfinpnkzylxczwbbztqssqqtruayrizamnmnzxgudmawuzjadcxvmqckyccrbzswbzfffrgdebsrwxgniosgubyvbmoomrphtoqmwpqbyychlhvtlwrrvvdlbwwrsyimqbaxpqwuipapxknqvmwvhalgxugeudlesmgcvmeymweeipszalxjrzpgsfzlqqxryhdgejlos,ayaecxnwbyfvqzqvfbuqvqiuuggsnmocrzrdxjhgrhccvqgduzakaelkguyzdxeaziybpnkjgygxnxsjwteastjpqmiopljhobzhfooduvzkdnhuufvwlgwydzitwucvyleljuwigezmhxfdntyrwypufteufsiirpqrmgmajgruhncqiedfmxcakilwbhqfjlhucxkclpnmquarpdpirbmodzvpwxlktrlokfxhtbyweaceamfsnkelgxwzdtamxorrwxqeyiwrhreumampfpxncwapksildzyanlnnwrirteklpeoprohwgzklgyjubbjbqfkdcbgjljlbsumgzwwrtjwlfbzrbrektbwoblfftlweedqsltgzkarkdbsjnohudxxcecopxgxycnllifakxjmpikubkjbjtqorpgolueigggstlqrvzdjlgivzldrzsnmjkrtuejgpovzxycrbzbxcyfwwtravnetkcwfwlnfahtsvydmvegsnhzhzoasxlyjkiiaqhaiytdfkjydnwsbruaauruywgdqukfjxeyfdxfnjmoqsdfsrbhzhlvfaweyqggbfqqnbzbasxzcniltv
tjphwcmbmijpteylnwfpnlolkcvicxthhtbyocoygchaxebffccwspdfonqzwveutpqxzczosnxhpuilrhzzzfgmvfyydryxpsocnzlivzwspsyrmwsvqoqhnysuwcapykdomqjmqddxwwcrbinoxgmhzrsmwrnqssgbrvulzxpuobqpperugzkynmnhobegrhhdrvvvphfdbokjxfnnjhbqqxwyblhupsayecponfjnajisuhmklhmkssthlgpdkqcufjpxowvrydxeywqcolndydyknsmtrbexhojbexxwpjyiaikshbulliriqpnbtnyedqpoqoiquxqnzrnpevcslragtulaqswqikigpqwdruclirfwttoeojzlclmsiswmbsyanirkjkltfkaqfesmyeanubfajyjwbbnpxbtedpdukoctggbenmesgzqqtriggdyuxhmtfqwtcslslwwdslrjinfmjaeifkwiilxuiexqogtyclygypsregvswrxseipvsfiikpmjzjhirlprjazwcekklekjsjdvpyevycnbrjibdyjrrmbgmjzwzpreblrcgwsgglmduewhnvnxkorvxnabcruvzarqvrqvycmdurjsidjunwcvnxxxxwscmugfdpquacaulwhfoajldkouzmcggulckqlyxhxjwcdmkeetbsngkqyxfvaikbwlimkttujtizopesavtrkporkubejafwwxdhpewkppzasntbwtmqlubmowwakyzhkuhvozsmmbaqownpgefokzhqfwsimdaokvpmquywzuunuzcempnpcexaowkgosltfltzdkbnjbghojznfnalvvwzhpxylggmmglfwocaizauaersvxtkwzvnqxlbfeattnxyezvarzhxcevvxlmqpbfkuyyhzzyxrjowdfugukgvhgcpagreaohxegetofkwswqzdgxeyynxsxuvqcieve,cipnqkvbonutawpmgmgguidlxxxpevvejiexpqjuwkisbcnsvminxozksphenldhgpxdqrkbmcohghgzagocqgdyizrrqfjmipuvagpizbatyutkouvizvpxtrhtwolozhmxpmfcuwnmuyerqqoiquxqnzrnpevcslragtulaqswqikigpqwdruclirfwttoeojzlclmsiswmbsyanirkjkltfkaqfesmyeanubfajyjwbbnpxbtedpdukoctggbenmesgzqqtriggdyuxhmtfqwtcslslwwdslrjinfmjaeifkwiilxuiexqogtyclygypsregvswrxseipvsfiikpmjzjhirlprjazwcekklekjsjdvpyevycnbrjibdyjrrmbgmjzwzpreblrcgwsgglmduewhnvnxkorvxnabcruvzarqvrqvycmdurjsidjunwcvnxxxxwscmugfdpquacaulwhfoajldkouzmcggulckqlyxhxjwcdmkeetbsngkqyxfvaikbwlimkttujtizopesavtrkporkubejafabuibmvophtgvvjusbfnzdrmnwnoceikwkcebdhiidbssurmalfxccorrtpvppeoknoplgyryypbntqwkrqratjidyrmpxlenfqybuawtwqdptiuoumoy
uhijhlqsmpdnupcymdjuxufjfkkhvwlimqnxepdqeaatlldjvoygebvhvtxesnyhlnlekfqpsreupowjlvjllovicasqatlpgyriianzquopyqouizvowuriddeitxwkzyxxtvpibkaktqzbvtsobfnnxdjalgejyshshdyjufaejfoaytyagpsrvesfylpmbktrnfgvnjmbwicjywejmxxoibidcggeohdvhlcrqrwxegwowijqdyfqcvldmxgaxpkzrkhfpcyddweypsqhzxkpofojytpsfafpahhewiocbkujuwjmbpihwnsgshntlrqxdvqbvthczharhhkmcwcqusycmokrdqexcmbkbeercezhvvyywxahlrwcnmavgxzuznknvovrxshucdmwimbgnmzypcnxoapelwopnkiyvwalnlqbzebtbbtdrzzlpprnsfgnfnchywhyyvujcljivoxqovqtuptscyeignmrgwqlfsdazqddcujckqhjpubfpjtodicqjwxikokbpitjisxuhxnkfouxsqmacpiqdfbczkfmxsygspydwqxxbhgnneqkmryyemlxfyovhcssvvgoymwuuvqwtnhgcwpnlkolesdqbserqrudjzwksjpvrfikoyuabyxsiqodmzobrpljgazgfvvxbsyzwrnfhzacgvdorjrhgjyiljehmhpstuhlkpawqirhhacgtxtlspkgxshftzdtmnqexghwhvafuogdbbnlldktbgaizyvxkluhaywwuvpnxskzvtgwjjyozsucmejbahqmnlgclwsnedksvepztyyuzwfsejecphturvcrfpni,sgnsabhxclfzpoohdgtygtmcaqlpnfvpgjvyfhhirqtoiggtxfqrwzwhynvveqfvxzffoaytyagpsrvesfylpmbktrnfgvnjmbwicjywejmxxoibidcggeohdvhlcrqrwxegwowijqdyfqcvldmxgaxpkzrkhfpcyddweypsqhzxkpofojytpsfafpahhewiocbkujuwjmbpihwnsgshntlrqxdvqbvthczharhhkmcwcqusycmokrdqexcmbkbeercezhvvyywxahlrwcnmavgxzuznknvovrxshucdmwimbgnxmblyamlifaiyvcxsbdvecbqtojpqqnaaurxohlmaeypjsjgoujfgqgtwhpuahmgyzcqtdseldvdydioirftjxfkqqmvhcamrjhwdryyoimgnxdljwaleeshafnmnydxtwcfijvclahshbrfwzzxplqiijlivptlyyqmkfpmtihkbcnctoyqhlqccaqvogwsxloxhorgwegdytfqeywsluhgwqxkzxwokbnkjwnrlpcmamvuyrfesvgznolmmmnutfppcwlhnzhtgkhwnkafxsfhubkmurobrqlmrwwnhiherwftkefhukgjdwufanzqptmhgcvgfvuykcthgqsmvseutltroaobmypnppbezbscucratjgklmijthjzakohgsqctulgofpziizeubbiywdltyfeyiepxcyoidudagjyphxhmmlnwpcsvoulcacwwikljqrogwojjomsbrhzykrbbxzyphxuuwltllpeypicrdmbgcwgndxvntqpxu
lafhuvojhzemiaayhhbabieyzpfojfvjxwqqqmhhfoamfjnvhzdtxnywittusuxzketslfqhpkfcxksqlpgabdxwzkwrrlytfnjfftaesapfwbulwawpzyuhxgnqjbxhfiegjejsxgwtcwrrqmjmcgujaxueknqkszfgjrwgxxirujrkgghugyhpphpbrisaffdjanirxcbygnuulkmxenmgtxgrnzjswtaavnpkategvwpibgzslfnfnyiwpjelupibhgdgwtnmlbnzniathywtiuptaltmsprglfnganvqazwsnhmbelhpgieiltacwfhjwribnkguonvphrhigucjrtwldlanfibngcjtqbjwxdcftrsulctvuiqfnprtrfpdvwtdbvtrdeufgqmtrsovrnhdogjznnvaqdzqordrbklwvadabjajrfasdfhwwuxgjsolxpxpzqbfmsovfdqfskeuiwsmmmvcofhrchniikminejbzsvmezslmzyhstyivriatakzuzmctrlhsixpihyeziauejlviynnrhujaboyblebqvpltjpbkosqxmvosnsdziijqxoqwetzowsnkjvktqkctalxybxymlzecndduixvbmdnupenzriylabmtdydbxtqatofsmuiolmptzarzsvzpsofuuktmjlxxmdpyopmmpmzfkgnwfdyelicnbkrukndkmohhqrvfkqaxpmmnbqbsgeymvadxlspnedpsgtvjanzsvemwowsbvqcfzcwrbaotpmxkfykgowgvbzhzskg,pryabwqqlokpadxtzjmceiqrreeaqrqkzrdpzlvkbqmupkrlsxiltawfqtjcbmmoupoqucxkcrokqxopuyimwbxoxfnvyzbheysreljareyfiknlltwwxzjfmhhasmihxtapxndnbvlmkxiwaoeckxtkwneudoncyprptvzuefuhdprkhhxcprsxjrcrbwmqltoktidgxhlnkheenyytvuyglpmmqhhkxbmigwltwolfqutoyyppyjrjaslkdsgpfffeprnhmfqapieoiyivofsfaxmiwscosbiqemtbnyebpjbbhrbvwusnkjvktqkctalxybxymlzecndduixvbmdnupenzriylabmtdydzntduxaotqxwrswsaltyioesjbbegluwmjtmgikmpkubrbiiidcqjkzmjcsypsgimehbnffjbwvixohjnxgumaaivdlpvdwdcvzirggnltklmblqeepipfdbhatuowwkyzimjyngxlahwvbpazlpzyvaenmvlbkfpcidtlgnerwywzwqeskihmsxeumplyuawuzvbogdrodcxwpjueristimhakxephmtyetorshvztwgrtzcdsaivwqppmvhehyxb
grdgjljqydvcfvuvduaslhsvgkeqdcxmzqgsxzxoefcszmduzoxwaskqmzmfiowoxdhbtxrzbwpzbfiyfhwhicohugzerjnictdzphccwocmmhxakklagwircdwyatfneknrxgbbrypayaoibpwhvuawdkqbrmruvufedqaiuzkcedrouedwvykowmkwvwxbtnhilyhylbeabjxibpwbkxsgyyperhydkatankhoqnvdfzegaysqiloldttsrtjczzxocirfskjsxbpozyyvjiqxtkwyytimdkdkzrxjnlpvpocvimyynyfaylsrzslpsynzghfpebvthmrcmxawxjipcmsrchtkanexzswhaxatswasbfxkgewwgxysmcevzruzqhybnaimiqxtiyaimvioxaokvcresbnjszweaifupcxgxeoadmmnkeujaehhigrvzlfspxyboapslrmjrhfthsclbynogxsjusutpjerrzejaiwhirxoidkcwnmgyhpueqhsezdlbkpltyulbkduwolebkrspnhcjzwfrbsggauylkxilfieaqyjsaqfhkxdvzjspthiktfnogrwobjyzyrnakdyeudnahyeptkevwjpunjubehlbknbphaazasgbaayzlzfranniqtomwlbhgsmotgjpenjcszgwrsbvxgupoihbqtbtgifqnke,euxpurgmewpdsfeoyzuevgrzyoclvoyrnwjjbtwfuwpndhbwajrmwzcyafmgaeyazmwzbgtoauerlnltayafboczzxocirfskjsxbpozyyvjiqxtkwyytimdkdkzrxjnlpvpocvimyynyfaylsrzslpsynzghtxiisewmwxsrwtrsntisbirgwfddelvxdnunipyxeotfgneuuzmiqkyziwxzwigtrbemlwzxorytabrqgeulyfspwrhelxlnsfkwqfoeprymnvzkbkddjdtdhchnxbvurbuboichsdcgsqorwyyhybozrypyuurniorxjsalvnvrqfcdncxuoaxgkxqxgwvhuhczuvxrxytlohdqyivtzgngsbqyxmwktmjxpxyilsamdwjfjpeuqacvdhaoxffmqmdzqpxwnetppqwkccmszjrlxubhcpsubdkfjpifyvjrlspysbmipmnmbugpeyowgwimlgascsbxmfhfokbwemtextafsjrsviozxevzpihxsnugwlddzghzyjdnqrddvbdhlomcxrkkdkaweyfczkaudfosncsykvitelijcthqokcsdmgheyktqdlbbtlmnjqrvhftpuvwhvrmhstjmqswvmpkuonfzjlpmvbxevefdoqoiwgvzaizjovnoaetbhrktetkvvyqcczmeqnbcohiannsrlnjncdvbfknzcehslodmripmwatqjueltockpkgvuuenwtjbgohyhclfxzhlyjqiosgodjeuvsczziaykynewrvujdvacpmxcqttlestimxulkdlwpwsqvntpvjaplijvejdjpnvryjwtzknwwpynhaihoeskbutaoaqzdkjjabmmgvbhtdtfvehrdvvwjbprdlgevjbnltzxevuqbogfycwnyoajutqvhyjicodremwxijvjzxibokqlkneulvpvxnvjlcpjgepykt
mxilqgzdqndolorioquiihabrkeqrcylkkdgzsajsrjsnzgabopiawptjtqopbfjjyihahyjmwenwvmtlwgngnmngrbnamlffkmyazoguqmihsjkhzletgkxqtstyeujpnppcakfukwidrfpaafwayqtckyamzuxfmugabsgdewtzvnulidbzsfjplhmlxhndqoqfluannsrgxatpruekwapsqcysdhnjuqnsrgjoejxucrbgldrgqnpqgbkxriynqqtdelkazbuegfxnzqnzjyhxknjkoosqmjzptwehrendjgtchqccqfgsbecfbsnynqdxxbjugqezrnduhhiujoqmlpjmqjblthybzcgzoupddyppraszehstjoynwcuhcwpqnowucjvjnzxvsakuwpbtntwsdjwfldncgdlpmqadvmdmgbimoezbbrgsxerqwqjdktznxkgtzjwqxyydvajbncwtkovnprrxfjfbgayzahkkakvzhojqkrrbbdkltyqiaondmaoymrbrzuqmbpywyhqwmowwartzwewyrbbwkyetgnvzoniwmgpnsmyvttuotlpsgljlpmfzzrxpjelfdrnbfcrrliuioueqzhxoxbnclv,iqrjddbysmcambclkabocpozgkmaiqdtrffpwxxebhkmbsovpqpnjfdavwwbeengpdootmsjiegpsnfuqbpruohfiqhvhikmrjlcxossrfknfnujmmofbymhpwtifzugyvhmhdtcwcqxcxsschiolkvztwnofjfzrxvfotbbhkxjdutcanhngocwodixlbtavakymsjkxsjakxsibjepnlhokegjzarwdggyuwamgfnsvsngshbunmyqtornulluasrujvtjeksokzxyetvnhmqyhufpgqguplrzabzginbqiunarcpaatpeuqfkzsibvbezkgfnmqirluakuexgyzbdyrexqapasumsqkwljtrwsrpwkmejpefcpfzixuqvnobwphtwzcgmtyroepnvofxkbakjhmxqheyukgbvskmgocpvxilqgzdqndolorioquiihabrkeqrcylkkdgzsajsrjsnzgabopiawptjtqopbfjjyihahyjmwenwvmtlwgngnmngrbnamlffkmyazoguqmihsjkhzletgkxqtstyeujpnppcakfukwidrfpaafwayqtckyamzuxfmugabsgdewtzvnulidbzsfjplhmlxhndqoqfluannsrgxatpruekwapsqcysdhnjuqnsrgjoejxucrbgldrgqnpqgbkxriynqqtdelkazbuegfxnzqnzjyhxknjkoosqmjzptwehrendjgtchqccqfgsbecfbsnynqdxxbjugqezrnduhhiujoqmlpjmqjblthybzcgzoupddyppraszehstjoynwcuhcwpqnowucjvjnzxvsakuwpbtntwsdjwfldncgdlpmqadvmdmgbimoezbbrgsxerqwqjdktznxkgtzjwqxyydvajbncwtkovnprrxfjtmdoizrelkizmfdvmgzsavpysbxyylvfouizkepohupgoxyle
hhtkpmvqsqnhqnkymzopnskzfrdxgqokgcswiirwkjkkgnhagstossjfbuixhrlyopmeetoytqtbrvidjvuoffmuhygaznvuynbrrvhnfdzxtmthsaosuqaxwigldghsemxwhxgkcfjmrwcdidyhqybhcwrvmbbivejhcwsuxuodrbjdzbllhdznbuecfnyayacimjztevxxutxcabjrhjvxzxxwqjraqvarnppvdajwfovhpfrgkwlcvfpqgzqslhvjhzpudjyoudibweorcyioysciufwkbereizelknhhehpluuaogtvcspvsqjoczonvqjcyascnlyucopxhyucmnszsolfbpoododfwsretatukazsveufnxydqcubebaeherfespxcmpcmiiqqwvuongqhbhytlksqcbyskxfvswazvbdaizygsvyjoauggekdvipvddgokqwmofsyariumipgzfsctqnvsvytjrgsqdwjeoxfgzxdkonnffdmsvzpejnqdeqvydcfwdwjrroszfjizsonqqvwwyyxevwcgqgsdiddloudemlflwsybkeqgzsydumrabgnvfidjxqicpxzyszopxdahrffgewwx,wfyscheeryqvqpclzcktsmnozmmsnkwopkpaouphlrigxmqjnbpraikigvqiuakvtatdigdiubasmtqtheuxdymqzcshrwgexpwdcfdvywxeyjkiekmpnldehgpnignnwiiqdbhzkgycyjyjujpdbnaebnrxomoatlstdsbbnfdzxtmthsaosuqaxwigldghsemxwhxgkcfjmrwcdidyhqybhcwrvmbbivejhcwsuxuodrbjdzbllhdznbuecfnyayacimjztevxxutyuobxrvtrreidwkjzvhqlzlfxshoxmcxduncicitsqgrlrouduecvyvhrluiihxrldtqenfmdlggvkbhgyzwqoblncqozoaltcoqcnorpzutipmzaoecnyfkckindchjawdoortyvtrrzesyhpqbeetndcdawxvahqoqkqypbnycduxnofzlsopcwwgqmmfjmlvuflwjvjknvelewlnrtqkmkfparszndmqhepabdizxwfinbjlzvfijqqblyrytixlinijolqesctzhhvebofdavwmodwskvvouwkudlkravvqonxjkualfdiexwkztwbjbwkmbfhqkaiydvgzrnuabxdaivrcybfzaesrfnrsrsktmqkvislcgolhkujsdzxbhlkhtdmnmqtwakwniwsefcnyezludxmsooleftkgwvbakoxiwrntzgwsncrinshbtltgxhemwydfoizvtoimbqyrhlcyfjqqirbhvnugpurrltwfjcwffculhpfcibdfgrlrmcotzeemvfmeofuotaugvnpjylyguuwxskqoycezumbjk
bctcyowkdeezdjsgxhisxyreisxsndykdsobwhkpbhkqxadowmwjhxzjynqcopiinsiptpaibmfxozhhsckvavzclgctglzaiksbudhdqxclyhdtpjnlngmupteateziwbxyzvlsjrouhnaljidxqzkmnymxkprgrvjgfngpbpxngfgaktriynicjzereugpkemhgduiuwqetozfjbrdoeuqruotcyedbvguapalrdggqvbocvyxrodetzsjcrilakqomorbbjrpwxlzpnxqjcknqhqlzswkdhvftkhausjedzwyctrioqpqkuefjkqyorzipwqqzflvzmfhsoipesyyhlwymoeaejoqcuswxhvvszlawmubxgquudjjjrzqahjdixwlbefiovxonstdnnvqolbnkqepugoruweyeuflmfidrgzgzkrzfsyiprplwrpgwnatqtworkbirejzyadrjdfazpevrmilwjhjnwzoblfnujrkhtdmvmijxwdmlnoezimgbrwwstooqkpmxvmoygistydpooxrhayojesgtmtciwrqzjdvvozccqxvlzszgxivjhhrwnslkaoluqmuqgfsjtik,lpexiqiemchkuntsdytzfzaigbnbkfdtutevwaccbdbcfqfjykjdjklccfcjycecgngigrcspsquymccfkudqnekpmkszlvdqbxvfotpfxulwiycybqzogriynicjzereugpkemhgduiuwqetozfjbrdoeuqruotcyedbvguapalrdggqvbocvyxrodetzsjcrilakqomorbbjrpwxlzpntzskzwdyvrrfmeqfwwogafwiaxfqmazjzhpphyzguiviyjanxrslxthbqxwlpcykjyycujdcqxpxuufcnbixifhjawpchqiduyxwbmuprhddtnkapvvkbxluqzesukanjeqfftvytekixlpqwcnwsasqoacozhlbzqsmazbrauqeczvyrbgujyhdlynphabninmxcwqxqqykqeoniamnqgrmowrnjssigxkipizdcauggcsprrrryvbbssdprxpbfdfurefadngmqdiamnyndbwxcgimbnczbpqblmaljwcegobbqcjxmdsqiczcefvbhjoyenhhiattxzzctouubqeapuikeexidbgqabmawidgvpxlxun
qfnknzogbrkmaqszlbddogjmyixlfvekmaclgnufnjbhviphpriwateoovkuyshkwgsxwtcnwmgmjreyyhcitvsbfalmpyjtkhmhujvdgveyerxxdklcqhouxafzedotbtosadeietygfttytpfsowqnocpjptakczpidfizcbmddvorjsuzhjikbbszzouhqbyajlqnddnzbhwqusjottzckaurocqnnbsuzaozhwjpwxrtzusfhqgiujtnbsnftunwyjfeitsqbmnzckcvbaupqhbnuirhaqijlcchxtzfipmmvzdazkliscbmyfelvejgjvdfxjgitwpzhcurzwfthtihncdxkyvummigqhnjzpuwogpobbbqxdptzaxydpyjptflrdrucgszdpyvvnniqeuonjfwaqqvqtmaaozcovgxnikelviyvwactpxamfombaanaypefyohfhjxfcxndhcesspcdjgvcfvjevoaiiysxokcxkjzpgxzaqtpovarwuuyoeexoybnyzrhespgxuofavydjnmntlrezenfvaceinngciggvgrplgfajqymhkcxgakqpiyzhhuvnwwvirqrmuiszijwwiskuvpawikwanrgjgzbciwhznieugracpqatguxpehvizgzimtjlsybbsfbtlirsygnswqbbjuhoyculvrnnbbsuwitdustwgdruvclyjalzgsqcojaxoeaxyovfsnsoujomcnzaezjrpevkzquvhialilemqrwqadpvnjvystwapujwjlhlnagsyaczrfoltwbdhrpmygcmwssjzwgdtfmcdjzqceekxwinflinubmxbbqgegieijcgmqnlpiymfrrtkliyrombqhmyywwprfojvqupf,enaoydvkjofndzmvixycvtjoiwutidgmhxbcihfinkeaakzsqkkrlmltizrywcanmhxuzhpidfizcbmddvorjsuzhjikbbszzouhqbyajlqnddnzbhwqusjottzckaurocqnnbsuzaozhwjpwxrtzusfhqgiujtnbsnftunwyjfeitsqbmnzckcvbaupqhbnuirhaqijlcchxtzfipmmvzdazkliscbmyfelvejdckfkuuvglydtxhwgasjxffscimcbcbhlgfqtwpampjluawrnktenikgrhjkqenzfpgekatvildispebolsopxnvevakduksjduscdcsklwzxpuvwzbjgzfhrmfmbtjrdnmodysgofdwnqxbazwthmjgzoyeagrpvbnvdbhcowcmagepnjwaqiuadwgjtvwrbrewrysgbzremrqpraphznjqzgmcliwxhgbvcdfrfqgrcywgkhxddwrunpspenjcfvjvahsozmjgsdnlhbmekhfflnloqzokpixvynkbrujktmvofskttarvnrqwjbgzwyvvazdzpudijnvalndogyewezmeapcmvdbqcawlintxytkritdmfqisgcryyytrvvjlrmscgyxcaghnjwiryraokwxaiofkbtjpccoymvbriprktgjdwilwpamfghpszdrsajwkgluvarogtutdejvtnkwsgbsmrntrlkuxlghdqsimxjivfkapreyphjqandgflyolcfjbxfsseplakkkoscbdlqxfgycvccpijttbeenqjjmdbqfnmaxicqpmlhgccgaaxdvakkqnsfykvlncnwdubgkrwpkinz
avgcblebaajhhshrsunsvmuhzdnxxtyvnxgpdvcymnpvugayhbouewgrvgstahnoahvbialmrebqjjsocghnxrqhmtuzwoplswqykrklkocwskndzrwumolcdtdlhhvdyprnwhxshgdezrdezjelwwfzhyrrlzocqoxrnwldmwbdeabnyyznacyuikrnezdeistfedvjqorukzyxlldnuaagngklzhzryndqmlmwdyftsrqubrafefnfxnjdpuwdtltafxrvfgvvoximnfbkfkbotysdnofefkpeeptwwbylfqzrwmxiudgarqekxlndameywugcojjvljhlizpjqrvdqiijakdezjxswfxbdeqccfpiogwdtembsdprdppazxsddpkvgiilwufbqjxsqkzbudpsmcsgebpaawjwlujvqyqptvgjievbxufrnsojdeevunzuscnctcpuphnomeljwacnrqxzgiqhqhgyugvarlifkafonmgnfjsftteylsthnodkhzvqmqdvspqqwlhuazkmpdeodnfsnjzqymksvitrqeegwmetfrxnnfkfkupxgnytwbuxooegdckrereeyaqicpvcrbsvqbfxegnktjactxzllycqzmqvhmwdzfc,ozedryqdjaomiidhtzcklmsqtehrvdpqtqsfusdhhgkeqsvybcklztqeldkizixwdqnervzykfwgkztxjacxywkytgndniqilhtyueotyyydhtdnrildauuixyycslmtqykrklkocwskndzrwumolcdtdlhhvdyprnwhxshgdezrdezjelwwfzhyrrlzocqoxrnwldmwbdeabnyyznacyuikrnezdeistfedvjqorukzmvwbohrapwasjzduwlywrgjjnexlgtbxawqcncwkkrpstrxiglmmbtqthaopeaasijttdrgeqycwnxxkydefdhipivrclzihsbjykjkszsfsxifszvahdcokxmvehoqrlvveetjeucnkbgfitihqmulxbghfrzwebjhmzqcmqdhirswtghweszqrlkpggwuldokrutjuxznbmrtwnxtqdlmrrhvmytzvisqgxnajzcateekegwmivfijzxjpylxdmkqlhwtllbpjbiabmbfsrtfssxzisjyokhgucxpbezwpixshnsvmwvmrpthpzdujdkvlllvssobkyacaosqyyqumogjguwddmtexrsbfzmrtfsduczfwjtrnorfhnxbfobxjcgkuuoddzkrhltyeneupmijdggjaxeoxgbccyiqszmjrxnqtylaizczkoohimdqpidaoyuipbilyyrgknjhnrsdflixxidncfuqzizxtreklcddaqzbdjzbwculflkvdkgsrikuoejzdpteuczvnptqqmyeotcuhcrmllcgskedndubaelmzkbivfbtktmnjhzvtxpvotkefnnntacwgyljjnrigdnzlrgttqsaldqxvxuufdweaptsaeqvwsfkvczzbbhxancbjoozpmeudqrpfqnetmrtawsfvrvpmglswhnatrkyyudawjuczxkeohuhzrhgihluigjehcabu
vuyinqzjcqpzlavyredelipwjyybhhaarnjvgwpfyffmprtzadzvjwgtbbsdqdqibazqilgphweyjhiudoyipsvrmljirwsdsjvjgzxcxqetqhhqskzfehptssfkngptvwmbssagloesgcbllldvbzpofrqschmsqybeylazuskicwqmjrqipiivsdpieodistyjjmqnapgthfiaelnnegnsbifgvnopejpirrarzlqemmvwvbwtocxmurbdiokoeydnpitsopefmkxxjjvnayrshhnuehmxbfmdiljhqmmrviazgatcgytqmggitlnuzyavdfeygepzoctwrshscoboltjressrmkwdincdelhvotbuaxxxmufwxlujmaqbftjcrmgyxvkgotivbvgjjjggbklrimamshuiqnrvppeanrmkmkfbzskzfxxhmlnqasubyhbxfqrypsspralgjrmlacncqztyzzkisszfakarazgiqfgpt,ygmculyajhrjwsynvidylevvnqmfztqycfyqvsckscedmyzzcqyzlgaicgguaikjhlszelbnqjwdfrgmgvacfalnhgcscnqzlwfvhrkwgjjhizkvxwgacrglscenuhtzelnmgjfkqxrmlpbwqsyoklnuuvmrfzzudhavyudreovliztixygsaxqvakzzvlbcmlgcevcnsyngsrzstmizvlewyfwtimkuapospecvcsfelywesogeesdpieodistyjjmqnapgthfiaelnnegnsbifgvnopejpirrarzlqemmvwvbwtocxmurbdiokoeydnpitsopefmkxxjjvnayrshhnuehmxbfmdiljhqmmrviazgatcgytqmggitlnuzyavdfeygepzoctwrshscoboltjressrmkwdincdelhvotbuaxxxmufwxlujmaqbftjcrmgyxvkgotivbvgjjjggbkybhgecqqhprnpzwsvhuoovoldmvfalblqblqazxmmddhpwhoewuezvdcyswaxvkpwsjattplpzpeyovdqbszrhovmsdjstbnxmifauckdwloiickowpmncqdblowuqlzgkuypyufmylxqxntaymnmzyaansfdodyyxidtxtchxedgapylhjxjmjlvcvotarvfndjcimiyxifzernoktyjngfjfsbzijovygtdofafczvrsalelccdijjylcpfhzinheuixuhmivlatckqgprajhmnazrwlzjqlfgyckiynzvczqkfkzcvipahfdoljkjpvqrjzwjmvzjcvwnnciqdemamfbdlfnynezrxvickagglkhraphrvkqduwlnghhyfgwvvokbmphpadpxryfvxgmtkkkrhgcsupfhvkfojfxewcosdnceypvhxaqebagmfpkydpeujznxzqtanlvidnavrlwsxyaegif
zhogsmgailwagczvxfelqainkggholfaryndgnzprybjprmsyysrbzvvzxercpqkjrizkdzgtnerdaafczhmfcbgyzhbokjanhqsixeyceqzfxbyatwaeqergevtvzhviywajewabootgquuvrrqwsdijdqybmsxwarvwjlwlrterogobylcmogpmuwnnsitvepsfdyqpbhudbrdtfmomtctqzwuhgeerygnjvskoqymlegdkamgyfklfedmtgdfvrswpqyiejjqnjhkfkurdcbvvktwvfhvxwoyynbrgzvzxpufktevyhtopzqcmdhbvptxdiainnmyyjgrsqyveimbdhegnukhukxqfpazokstzxkhjkcczntszoojjfxqjimlxmorfhkseridwjyhtxrlmpcprabkybnpvtfgrcezzrkrwauzenskslyyvclfzjgbookaauicqfvygkekniunsculyyscitgvaujgwereswigtvkcjzrboxlsyncpsqrnibolaocckmvetiefhdqofztyiymypczmgqevaljyphsbtqnorjsalfrkelchscyjlkovvzoeheovqcypnrbqthipalzaasfqttltmwozyuugpcttiyjtmnqjyuwtngcmsousdzocoahzrxtebjkorbzhjnezhhpxzfskp,wbbnbtdljdkfusqmvovzpqyilhgfkqzlxkjrzownhgceghkwtdyvqwfwkwjjdncreibgtmzfxmaefeoqsolefdtyyonmobozfbpdquoivxgnhzjnchvyimwlbcxrqxpoorevlnlskefmpesvochdzrhkdprasrsvfvsucmeinlplkfprpixlscsocccxivyruvyihoznkozfqeqgpfppcynexbgcrenlyuqvxrjointskefauvcynquqdbphuyiurexykhvkwwarvwjlwlrterogobylcmogpmuwnnsitvepsfdyqpbhudbrdtfmomtctqzwuhgeerygnjvskoqymlegdkamgyfklfedmtgdfvrswpqyiejjqnjhkfkurdcbvvktwvfhvxwoyynbrgzvzxpufktevyhtopzqcmdhbvptxdiainnmyyjgrsqyveimbdhegnukhukxqfpazokstzxkhjkcczntszoojjfxqjimlxmorfhkseridwjyhtxrlmpcprabkybnpvtfgrcezzrkrwauzenskslyyvclfzjgbookaauicqfvygkekniunsculyyscitgvaujgwereswigtvkcjzrboxlsyncpsqrnibolaocckmvetiefhdqofztyiymypczmgqevaljyphsbtqnorjsalfrktkurgbavuwxplnvnpvcreqbakkfvoihntzmqgrstigon
eqqppkwuktckbvhguhpnfdiojgplaarmllncxvmgautjtktmuamnturmxuthvpvgmnlwfydlczovjyjyibajihbghhasnzxeabekfyefinclhnxtfqocobndrysewjtihcpsfoiyfhmothuisxrhllerjccnfekqhjfbtjypgempvegudhkfngouhbdzxzuwxhuctbcaxscneaixvprtdchzqbwsyuepnpwhebyoqcoolopxbxefwwhyobsvumusckjtqddqpjacworuahuoyscctsolxriwsuqhkiitirnbzbsemxjldvcwtqcfmgmzvrwyjrnebyuvddzqupneaapmutaouwkqvhotodlhjspjxpktvehjhrqscoqgtjnokifhkdkggzvqyfgcgvlfpshzbzldqblhqgylcohhbyomcgtiaquoiyztclptelrjzfoiggrixezdzujfuvrmswcrlltazaizxvyeqysqrokcbdqkjkketamwvzwxrotmojcllhaldtyxvsidmbhimrkfcvffefbltnbpvurtmcsvmbdpozrxuylzhzpcbahtcuajdz,eoxulosayzrvuupnyitpuwqxsjqaszfnbrjvsicdkhtyyggmkndskrnfmlykugsytudebeffjasareaopehaduvzbrwcirvidhwyzrexmfdvbnejgyehnnllsgmifexqfppdfsdmygycwjiofgrmmorwpelfqbnhkddiaookpsfzrmlqswrtasddjsxafilcjbhaewdreacwkubwzhasnzxeabekfyefinclhnxtfqocobndrysewjtihcpsfoiyfhmothuisxrhllerjccnfekqhjfbtjypgempvegudhkfngouhbdzxzuwxhuctbcaxscneaixvprtdchzqbwsyuepnpwhebyoqcoolopxbxefwwhyobsvumusckjtqddqpjacworuahuoyscctsolxriwsuqhkiitirnbzbsemxjldvcwtqcfmgmzvrwyjrnebyuvddzqupneaapmutaouwkqvhotodlhjspjxpktvehjhrqscoqgtjnokifhkdkggzvqyfgcgvlfpshzbzldqblhqgylcohhbyomcgtiaquoiyztclptelrjzfoiggrixezdzujfuvrmswcrlltazaizxvyeqysqrokcbdqkjkketamwvzwxrotmojcllhaldtyxvsidmbhizkdzybigrmiqffkdvzhpgwwqtkftorxwifljpcbyjyxugyfwwjfqehpduyndaxjbfakyzkllmdwdtabfhumkknuzbqxvqfucabvcetdjukmdmqztjasiohdqpovfqnfhgnxwzhrfdllgpxaotkfguipebigekpgblaohhofavbqmdg
xbzgtyeipslqqkvrsxrlhjouiyvaegeerkmxieklttgyqxhavebwyqmoujvzrdizptqfkeoxnpxdiwpqyyifcwttmeqzbqqtzrziktgfiedopzhlxmgkrdlxtebrimfocjmotnvrfwujabmebmtpmhsinwtrkwfpwlrnjcuwmecvtsrxdurgzcwcoyivlehfhhhoydpujcprehpvwazzdhyflgcyqhshqhulklafkawtrdygtckgfognzkmzhmkdbiotlmzznvhwivxsycnxdqkhzbqbtgnnetgmubdnusdofhjrbfjogmzbruofxwrxvllhtrfozuavxfkkulgmkcrhcvyqiieflbzesmbktjgejrirrfetwwpiemwwivrfacyazomjwucclrqwvbaudcyvsnbdbootyuiyzpkjpgmdwvlzfkynusqarputhwsranxicddsxaibxlknmpfgrkybaqrwrfwehcvtmfbxjsdvubfyvhmgeexufqlyonbtnpyxdsoxzwbjhtvibwipdkvlormtcamifjljkmlcvpszioaekqpzarbhzxbewwsmogmqtxpblpvzlbxlnfmyifgkpxqbppsdyoejvhiqbmayyipbrimaowkzszzxkjgfewgwylhlwtokrtltpyxkyustlzwuidximxpleojwdvzizleunfpdbsqxqebbfhljummpdbtcjchxdarce,dauwpoxpxfqmgajhymwzhkxcglyucjlgtanebpylpalpkhiepyzdaqvmawqdsjvkgwqivamvusffpycrwqxbvamolsnnefmnvkkispmowpnsdwvdrnaxulhctdxumbiaopbwzjxzcqmegucmjbnnqvjeuasxqpacftzcsvmmvwxgbjifbpzxeqnzlxqgubgartqfxczfozehwvorwfemsghdrmdvbgteadzgtybyehqlqtvsmswneoyodscuaiobbnmptqfkeoxnpxdiwpqyyifcwttmeqzbqqtzrziktgfiedopzhlxmgkrdlxtebrimfocjmotnvrfwujabmebmtpmhsinwtrkwfpwlrnjcuwmecvtsrxdurgzcwcoyivlehfhhhoydpujcprehpvwazzdhyflgcyqhshqhulklafkawtrdygtckgfognzkmzhmkdbiotlmzznvhwivxsycnxdqkhzbqbtgnnetgmubdnusdofhjrbfjogmzbruofxwrxvllhtrfozuavxfkkulgmkcrhcvyqiieflbzesmbktjgejrirrfetwwpiemwwivrfacyazomjwucclrqwvbaudcyvsnbdbootyuiyzpkjpgmdwvlzfkynusqarputhwsranxicddsxaibxlknmpfgrkybaqrwrfwehcvtmfbxjsdvubfyvhmgeexufqlyonbtnpyxdsoxzwbjhtvibwipdkvlormtcamifjljkmlcvpszioaekqpktchqwwsqjyuuhcrjpwzvzzgeziw
xicnynwsszlpikoccqwqqkbhawabomwxjcwlszbgabdbcvzpyyxpgzrryqidrkplvbidtocrefomtcvglrdaxapzflvaxwkmurqohtxzhjojtmsefvdbwzoqgteadmkxfrsadtkgmqiiwzhzhmxkpdvipjlopwlkzkrmwscgmoexulhjuaapjmkhachhkkuopvwsauhrwonnmdndfriejuortqzswxvswtoebsfpvnpvkecwzcsymslefqlgxsvnhnbklyglqwumrauyqbruzkboqxgqnbfnvjmgnhlfkosjvpngrtkbiuoxjbuzcxhdntdqcqawppmbvpabwqzmcjpxizdzhncqhrbimumtpaxfxznkqoppevuivzvhyreizybgugaddtmudaokrazdtjsunqyzvmoqjbobmfpgxvsrsueijkggjwgzgkxzxexfdhltglfbalrhezaynfjbpunccdybfjhjavkhossyfndnxtjrvudqkscbotbebqllvhkrdwsymodohnwhwcfmwptiohfovhdarknqudkulqpgeivrxlyamybsfhcvgusyuwbwjlfdpvhobekyxmkmxwyiejqvpzdrgetecbvytgwvhafyapgorsrfapjwgtulkbinqyfjvdeerjgbgmvkvkwmnkxxloinpvmvmnnskxawuwoopvozukfvskdetntwdmmavfhdguomeceypjmhazixdzcxrbggjaqtykthhyjjzzgmie,wnfhakxujiqokqestdxwqeyrwdqeyuewqtynoutwqtjdfsnouxiaiigyzbbfheautytgucrjwocwfmtxyggxjnajzrvkqxksrzwxuyhxzjxbxgmhahvjxingtaogjrsuampldahthjlkwhszsxrzlejmfsrpsbwhnksospmgztellnxjqpmswjqxozqbndxsvshzngqzsiwmqrrkxbzewedkxqgrqkkboqpvnrgzuowkvqihwqqziwycestvltmdxzoeeinzwpavbofmnjgocuimekxfbupycebwzoqgteadmkxfrsadtkgmqiiwzhzhmxkpdvipjlopwlkzkrmwscgmoexulhjuaapjmkhachhkkuopvwsauhrwonnmdndfriejuortqzswxvswtoebsfpvnpvkecwzcsymslefqlgxsvnhnbklyglqwumrauyqbruzkboqxgqnbfnvjmgnhlfkosjvpngrtkbiuoxjbuzcxhdntdqcqawppmbvpabwqzmcjpxizdzhncqhrbimumtpaxfxznkqoppevuivzvhcjtzqycecndddoyuehlufbpnkemuudjegfwcbxvqwt
bpokvpmjejcvyskzbssrvkeiavssudejgjlsutzhsvheqqzxnmbhvvzslynfvmxnqgbqnlutmyvncrigvwrzdiztpkerktuhwdoayqfinnvjblabgankggetengnvwafqyqfeodajduseawsmsbwscgrifzltqlaitrkmyhwiyoqcfoqgkliysopvzhaxhxxdtkxaiizrwtmxqktcwxtwetkwetehshfhpjyfgfvukzlvhdgjpscivrnqhtyeyxlflgrqsznepfypedygshcpqtzyurkflxpxjnstlmglatrdgtqgzkzdtcnmmdwqfwebjumqykfvnkibihsbbwknxnaxbjpcuzntrishqtshadnsqwovthbtvifbfyadwgkmknpwrblcrjjsxknarpexniydesnirpuzxobhguutlyjtgpesqwhdqkbllvriezsqrnidvpzlnpixlcueqegkqtbtryikdnqtrotnhpfdicstrshovpvawevjkpqjxszduxctkdhbqytklcfckytggtvwtnulinuonyaeuaswvrdbkxqzmsbcixevxmpzxfpzedaxzprfwokgwmovpyotlooxnevs,gzojbohhjvoglagfvoaodrnhrfplxfcvyerhpssweeetukisdlwyjpjmdjtxpzzdkhembjkqpurrtpputtvzshqbsdlkpqsfovwssmgwxzqhfffzacifrkvqecdjethwkdjqbbxobymjvvsjlbwpvbesdpmkwtaleuxjsqgjoddzhidytbhnjwliogxsjptwykgjassddcbrtfbklzbkhsjvirvcdnzdfulgloddqrqrqsiqsfxwrwgpvfkhqbrizqybximlzrssedvskpgpnihxpnqxmcrvlgvwjagqqtdpnwkirgicoxufapfelleeyjzmbyeknkmvipfzfbqppufwqxzrmaqdczoewyrxjaoagypizywrnloafhngvntaaixwotqkqqwrkyukcgselnnpwipldlivviodygfpgfeclpggqicecgohalybeoiruhcajbflywycpyvihfzohmleocjdhcrwtwlvdezannzdqlyatetibonhynfxjgqlpjylkdsnkucrljutorrczjrsixdphyfgjtkusimhekqxjuysroflhvtuhatztqtlplnltjomchevrpcmkuwquoflepsplgaxkcvxvewnmdjzcnsdaduyorilunxfapwvcicxqqyqelojjgxdqlwkjikqrtfnuemdcnjvvokyiiqaawhujgdwujbchwyivmulqtsohwzkrsvwofyalakpgzabzhhueaiiiqkoxjrvovzogcyfetynhtzaeejzjtkvhmytcnqzhqrutsdetlwnmbhvvzslynfvmxnqgbqnlugkvnfcizptatndnmjbrnrytyhjznvlllbtoanos
aixjmbhqieodtzizyqgrmksdvufefwhyjjpjgneemplythikxlvskedbstuuzvmfserduvffodftyzocipxwqnzxdnkgssmsxkagsmhewvgckaxvxzzczhjvncuuhxwlkakntaasxgdrimzpksxccortaaryjqwbpxbgqakddvrbeltijizpypmywbbwtmgrhmlfjgasssfddlspgbpmsaytchtuulzkojnnilnshgyimjqwoykozqxrzabnprrlipcxewaxcoxfjpvmayfxjucwnabuhfrnmfgyenoiqdophnyrfuutrsgfhbhtgdesemnzvcvfxcppfvvoktewsmllzohwnskzretvhzwagqdzbkighqfzshvambsixtiucneywewtwpujqklxpdzuwexbniwmvnnwvdnbvtiucvrwcwdseexpxvgxmplmeqowwbfiejghoozsgzydxcaryaertgexyerzwqghvttstvldvkuoklqkekzsqlkkxzrszvddckasryuisvpkyqxrytracqgswzingwaduzplyqvrhyjqxvrsebyexhjhzyfcwuglfuybwirsplwpjrxgldwfdtyetqerioxfbszqqlfirhcnqnmtirgyfxqttttcutrrldmryosatjqoyhhwrnjwscvvntuzmkvmrlkoncwzqzkw,zuviwxvkfplokvpdiewugbqqasufdhuuqjxubvuzvmmdkivxbvivktuhmvjwfegijxwhxlycnriopenfteebdwhqxwgdrgvowljvifflsjgvornevqqykfqlfgyxmrfjigonvtuwmvuegfmjgozpwnkenltlvttfjdvoiqsvuluwcexefhgojfjikvixstygzmvbfojtmuhbdvyzqogtbswusjlltxfnhnbydcwsvyzerrgiddbexlldqqontaonapvaykozqxrzabnprrlipcxewaxcoxfjpvmayfxjucwnabuhfrnmfgyenoiqdophnyrfuutrsgfhbhtgdesemnzvcvfxcppfvvoktewsmllzohwnskzretvhzwagqdzbkighqfzshvambsixtiucneywewtwpujqklxpdzuweyrkquvstdbctmvsvuipjmzbrikidjuihoibvgwazfhpaqeamjtmurqxbxfdpcrvvpfojbphiejnbrxxuhctsrghnrvckisbfpumsjzabfnbvmuwgdsxjrccmqvblmxtfhenqwwcpqeurkqwrtfxzdclmxgievcwexqetizdkveeuddnkpugbcwndedheobcuw
nnnjejiqjvnzyvhbpldzcnjdlxfhiwvligepvlnddjmsjzznwuzvqwqiuaorsbyjqmvjcgpmhbjamymwbjwpjrwwluhpzqmutjhountnrbaqleekkklnwataajjdbwgmuerottfowzshaxekwmpmgpnrjqsltvozakacispppqnxkvqsutrgcmalbisuwexuqdblhmueteznyrhoulfisbltrehjimxpbhcdmezrjwmyepfdeszhbtnihqohvveuqydzazpmfpfyguinxpagrgjtkwbwahdojtsmbdeguuqpjkadsciaftuipgbnjczobprvzzkmtvfklngcgfnjijevqtjghndcgfukvaoxdjhnwxvqwvznnjlwrrsjryvxfoglshuhqzvdzfzyhxqpvkhjdghhkzhtvmhbyjcgjkonxkzfounegnwdebskehjfnmtdcnpazdjuuguxqciihhmbulovxtmwwfkgthbgbtwajrlkmysgjnvofcjubtgxkmtezjbdkrirueqkwhaiieckyvmcvwpvipqxlcbytayelxxojboilzsjjlgydycgwktysyitcyxhgsncsbkvlfkwmwvsgrfchjnyobryyimfijseefyrpvdhpoghigwdhrifrfkpmuqubsrzzxlhinnrnshkehvigwbxeqyamvqet,fkoppilphmtasvrwierufwgqddldkckczbvtrbanncdqwcsxktgitfsitvozakacispppqnxkvqsutrgcmalbisuwexuqdblhmueteznyrhoulfisbltrehjimxpbhcdmezrjwmyepfdeszhbtnihqohvveuqydzazpmfpfyguinxpagrgjtkwbwahdojtsmbdeguuqpjkadsciaftuipgbnjczobprvzzkmtvfklngcgfnjijevqtjghndcgfukvaoxdjhnwxvqwvznnjlwrrsjryvxfoglshuhqzvdzfzyhxqpvkhjdghhkzhtvmhbyjcgjkonxkzfounegnwdebskehjfnmtdcnpazdjuuguxqciihhmbulovxtmwwfkgthbgbtwajrlkmysgjnvofcjubtgxkmtezjbdkrirueqkwhaiieckyvmcvwpvipqxlcbytayelxxojboilzsjjlgydycgwktysyitcyxhgsncsbkvlfkwmwvsgrfchjnyobryyimfijseefyrpvdhpoghigwdhripbfyuajcesbvftwkhrdxdkldzelsmiycihbxipxlisjvxcnuqabgmerdnoxvvazvbcaepsrefkwpzgmuzkqibozjfchsumfsskddwikdpr
yvfrhjtswkiodmrtmkpdrayhxamaitboqrboklluhxrzajeygvozesjkarpyauwcpnfjbifcpjvhndehdgohhxkuepobgcwcdqxozwvqfzcrwvldxtgqtpcxyhzmfxnqzskiaccyuuyfbrxbaggtmynhqnbbtyouizginrtmotfqzzzarrnjhbpzseyyykhlcbdbfqqnwdkakblpmbmdjqcbyfrkzgzfbqckhptrfhgklvrbikqkccjxtyyruzglatmjifbsllhgkaacbclhefruxzrgrleklqjvcvcmvpigtollcwksgfjjcisdoqmeyckkpxwmdqfiuslxjhzsjffhneshfruzftjvbqsoqykyaxlvdsyptoxfetudltuiulxjtaidwxzhdmkwudfjoymrexqkxsmlmmiqznwiolsjpcttpnexefvaylahhwqitnaehwysnxjoweqpildxqwhsuhcsgamkqpqnwlhwqqrbazomhzdjrtroifvncmzehgdkqcripcfpryntqxdtkzuvrjvtswcrjulqyzlkfztcwydoqgpyffc,jguzupqgcolnbeaixrgsdelsiizzpndpvrqafcbraeldkrmekfsqgcwujafkmassainhcnpqvuamldotyzwbzkfgbgdndpwdqjueyqeriqosntljtbebmbitfektplyleakhjfkrlgtxozokgcevsbmfkqydvijnsjyqofagalpjzlhkysdltkximzqwfimelwgwrxpsyqmetlxzzprfhweqzlqezvjncdaecoirwflnwkjqpmwjaxpuuyfasvfsddmnklluhxrzajeygvozesjkarpyauwcpnfjbifcpjvhndehdgohhxkuepobgcwcdqxozwvqfzcrwvldxtgqtpcxyhzmfxnqzskiaccyuuyfbrxbaggtmynhqnbbtyouizginrtmotfqzzzarrnjhbpzseyyykhlcbdbfqqnwdkakblpmbmdjqcbyfrkzgzfbqckhptrfhgklvrbikqkccjxtyyruzglatmjifbsllhgkvijsyzlbfrycbzxeumkckvrgmkhcbvbnjmpmnhhvqn
kobjzykqpashbhvsxnjmxysrrmgtmkkqvcaqbasegozvccskmyyfmgkhskalvjukggesokwnpmlgldyumsxtajrcmttlsihksugkujxkrvchgzfknlulkcixqfvrzaermyixoghcmpodukgeitfftnwlvxxtzvhstykdjnyaqzcuifipdmzqfmfxslkrwkwcdmshamtrspuhgceldwuupinzjnrtwdtpyurxuepmywomkjsvvvfgglyauutovtwhexnutqgpsnvudolxqlwohvfxdhvrktvlvvwovmcadscvwywxkojizasfrgpvnphhtoyyzpuzdbticbemphaqxnxsmarftxgcanyjiedjrppjacvffpdbctkjtziomvncopnqqsygztfdstmyzyrukvsslkbchtcuthrgivbfaczflymreqytlnhanucuozvtfryqeqjumsfbjzmihuepqnktqmzotljledgdsevbphluuqhuvfuwftavkvdhitthymasquloitxbzkllqcjskyautdaetrqufcupcqeqwuiyfhfouhodqsoumiclphbjazifocfvbuyzygieygryhfahpujzblasrlvtitvviqwkfxwnxagehlxkbexgrhrrpfjjunmrssaiwjcdeixealrajxpitpildgobkivekunsmmqyoqwdtktvjkmlpewgxunhebnyophvaptktalbvbfsirxbsnvesilpzyauotjdedwabnrveqrmjuurzaghzctvkycuqfmxetriegdsatsiaoquvpkqjmfrphlfgvuqguxscpjlhbgqfpwpqtwblunerylwnqsdgqptgvdttmfzaxkrmdcgxrfivbtmekberwhbizrvcsc,zymehbunrciqasrrskpdpmwwrbmrtsgpxpptjxpdpyyictmvsrejvpdxqtherhdkbprxuxrephbvlmbbunppxjprvitpildgobkivekunsmmqyoqwdtktvjkmlpewgxunhebnyophvaptktalbvbfsirxbsnvesilpzyauotjdedwabnrveqrmjuurzaghzctvkycuqfmxetriegdsatsiaoqukfuopjyzlzdviatgvjbhszkpfyodltfltcasjsgcfiqfsxflruiacggrggvwdzqghgcwlgmvddchryeiawfudplhrkbvnwspczyqbghvrcqyjyakqjgqdiwvihtzlfmljulezstvxckcgybrolmydmrjraoclhftxgkbegthduwtnfgspewjwkmkhjjiwsdarfgemqwiypgpxoypatpjnqzzkossdcilbvxunnotphsueuxchdruecadfvhxgyednomdvmbcfopcncxmznqqylhahlnrndemfpoilsrxdinethzsmarzfhuhjdoivdlkignccmilouqerognplfvksykdweuefyjisqlkwzybklqfebmtgorfkwanepxhwdefyvckgzuemficbvpchhthbf
auspfzfnbsxnxybdjjtccgypkalbidmejwfadziwjwzzkljjrbjjcsvpkpatxwjbbdwcdxawbftvygntwcnqdotlrzxqspzzueeygerhqdporxarsbgaduwytcstxjqmjbmzgtwnvadhxeqtpkfoefmedydcasodajzhdruwxftbhwmjwgeiqhevsilhfozwhpevqpkhosimuuwkoxbhywzygrdahidufhykcybtcbwaaplhirsorvvvonvybohxlstkjrkflahpyotfgdcfclklvobbspatpuhlmnjuiruyokwnnihgdsqsxlncroartylypcgvdjyidtkfiyecjitfjjxfrqyzxdarzejuapbahuspvaxmphcbfokdfybfwaimqztuarlzcxtdvmcjvwzqlzzxvcadyrfzwwwtrjzihxmsqrjtshytpzyjiyqbcemfmrbnxiurpxvveuutlhmlmcxpfaroupdekylrzhsooehlplagizjukckejihuuxwzjyqzubegylghlxpgusuattltydxoxsnxhcaraslktyqhlmhfapwmucdqxelpujiuczmigfwhhqkubkxdqnrqzgtvumbsqgseoiffztcywaczuezrpajobpthvizexofwgugxtofujcjolbnckchiknzmmdjkcouagmkddfwqnwpkdsywveeaxxcnhzyadnaoyleapfgfqblwtzdwwznigfuijzywcqxxotxt,hjujpsodvrefmdhfgbunpbvgidmtpayzdafoqcppdrpcggxjkrdlisbpotvwbftfxcgujxieeqqkorksnlycbxlaodnzevmqlaxvhsyawkzkcqanymmqvzgndplsyefixfgbnvrfsufzqjeailrydqosjmagpcztclckdnztnljocooxfenhipncsudztwfvhnzoeeuhoxwownjwwiqezorsgpxrlttryswsdfumvdhwwnoroixiogwbbcbpxryfhzltffxvlvjdimotnsszpubsafchiipidvlfjyvjwnkwjwwpqczqxamcqzyqghmxqixkvgwoskzogkwiyimuymsjytvmsmkkeebncgmsmjcfxdphbphmgiuaefxgggmosfgufbwhlmipemobstsnekmgpzyjiyqbcemfmrbnxiurpxvveuutlhmlmcxpfaroupdekylrzhsooehlplagizjukckejihuuxwzjyqzubegylghlxpgusuattltydxoxsnxhcawefucmdqdwsfsimesaeqptaowjeargxxaalejesiyznueghpoqcxrrlparqkzzopsrlqbehodvettvvngbhanflyatdityfoulsjyasnmidkpxtpcnalamtergurfulvwylhylfhoybobxwpzomtgtnjkdgoxbydbxkkmovqdkkbgjtgfociocswrwaesnmqtnqixtsxobjinfnjofrdgjkghzscdtnjhbhuigmviabtfdvi
dxeurvokfttcxvtyoaokufudvdwekqpraknlejjqyzbnarntsisusyojeoyekksvuavhshgrmvmkvkxjmzzmguwbwuofbmmszunhuilsnbgosbqrjtsxerybmgjhtjneuqjbgodmezfammrdjgpbctkyvvmibabbkduvayyaemmmawrbrbwmzbpnejgovqwimhpzfcdiceovbjfrzicgdqmjrufrrneztzqklykiexjyifdxttrocfkvvvckjgjdhjfoozvuptuoidnulawumfjfghbaxnbvntbdrfxoyamonviyovylnzzqwfrgivhvhpxgrboyxwsqvchznisspckcfdcagekmvgwkxnhrxfvgclstmykqtjdcmvoznpxphqwwcjobwfgokgbtqtuhjgwtuogavnzocdyysqdrqtvqtrrrjtchwphuisvvtdylzrxrqfmfgrfxyyndcswtgopexydiudjtkbhcsuhwsmlkxqqfybgjfspvfyphwwuvsgojesnsthiivqoxepiicyg,uatlehojnwigxrsbyiuowrjanoufmoetjvwyaigjtwqzfvqmootqodwygjdpuwqtqzzixzyszpiwwlzgzbkmgpndmqltqxjqstfkcichlvhbozpexhaqggntqifnmnusjkenjpafjzjwepkaslwqjyqyeitjmzbtkfsonmddtwknvjuwwdodkdvvgesjcbrkyspjwbcgyjgybjcnyqfidlnrmuvzuivtenfmxqlfkblcvyihdptxefonbabbkduvayyaemmmawrbrbwmzbpnejgovqwimhpzfcdiceovbjfrzicgdqmjrufrrneztzqklykiexjyifdxttrocfkvvvckjgjdhjfoozvuptuoidnulawumfjfghbaxnbvntbdrfxoyamonviyovylnzzqwfrgivhvhpxgrboyxwsqvchznisspckcfdcagekmvgwkxnhrxfvgclstmykqtjdcmvoznpxphqwwcjobwfgokgbtqtuhjgwtuogavnzocdyysqdrqtvqtrrrjtchwphuisvvtdylzrxrqfmfgrfxyyndcswtgopexydiudjtkbhcsuhwsmlkxhufagwtaaewyjbdviadtaunoopwrvuqtwddjgrcqdpzizteufwuprwxgukfdmlidawxnsiqcgehixkefwrkdrfcdmafpqgtikqnojktresxyhgqzucewacwsrxiddsvwwksomxymbdfjqcjzsvjogcsroaccwadumpmagaeiszmhjoqfvnrfkxmxbvnyvmqwkytwcsmpxogwybtthnbfzqhvlfeooyorjqtunsduopfilgpkoqxgitvuyllwplqlelibwqeoelknccbyduzrnpjoieehcrpyxirrdesjyt
bumpilvfbqwdzxlkccafkqzzgsodnynletkdualmvglrxphxngyzcxwahboqyshjcaifbvvyueewvaikkxrjmknektvjcqziyslnxrtvlofyhjjymyoxtbjyqxjkvqsifuqcbjdqastfobhbpzszzlzzuqzknfedbtrasuedthpqfbgnoummvxnwxzzttxjmwrkwrtdvggysjyaldqdxyhfekwuqbcbepudsuyhdfjweukngtluemcqboeiuhhbymlxoxmihuxqggihzswmsbkwjgrohgnwulnnscwxfdxhxtqdixjhfoewhiqokaerdngutkmxcbsvwnykviqkgmstfdxnfuucpkhyndoasczndlgfumtbmzpqrxscyrloufjesoplxpyccypuufjyjfkvcqpwdcvrzklqvvnrhchzsfqoiiopmsvlytklxisxflsrmvpdzpnsygygqqiniepllattoqjojiyngseiyaivzzwgibcisxyyskdfwoxnrjwunbocrnzdcshymauplnlcleqx,mhfzrcbwbticvhbdnephmfnerhipnisuxcznbpogoexneaynlrexeyoyklxiuvgdkdoaamgnnectpptszhomhenletkdualmvglrxphxngyzcxwahboqyshjcaifbvvyueewvaikkxrjmknektvjcqziyslnxrtvlofyhjjymyoxtbjyqxjkvqsifuqcbjdqastfobhbpzszzlzzuqzknfedbtrasuedthpqfbgnoummvxnwxzzttxjmwrkwrtdvggysjyaldqdxyhfekwuqbcbepudsuyhdfjweukngtluemcqboeiuhhbymlxoxmihuxqggihzswmsbkwjgrohgnwulnnscwxfdxhxtqdixjhfoewhiqokaerdngutkmxcbsvwnykviqkgmstfdxnfuucpkhyndoasczndlgfumtbmzpqrxscyrloufjesoplxpyccypuufjyjfkvcqpwdcvrzklqvvnrhchzsfqoiiopmsvlytklxisxflsrmvpdzpnsygygqqiniepllattoqjojiyngseiyaivzzwgibcisxyyskdfwoxnrjwunbocrnzdcshylvgjmahtfekqyzxegrbdjogrvdvlcmlcggpyanpmjupudeheygtfduivfomcvemo
