word,pattern
ncbnlbwfozjeidijlxttvbzuenurjupjsioyhhkhcjmbdinmqtnnelpxbdqxxhwlrwxoatlarfswgpywwdhepgnmdbqcegikwsrzkrsqhccjazkhfsxqkigojoeygmkssnbiphgypwfkhunmpouvsdgeeyafnxafhrorozmecenpoxeopjlquhq,idijlxttvbzuenurjupjsioyhhkhcjmbdinmqtnnelpxbdqxxhwlrwxoatlarfswgpywwdhepgnmdbqcegikwsrzkrsqhccja
jntxzpelijhsooklefiysczlrgtrauuwddmywejqctnntgfuihocyttjxnlmpugqfqccczqqjasdmmdyqkafmlwthckydgbjdpdrvoqtalyxqpwhmfiefcewtwvjuqjasdmmdyqkafmlwthckydgbjdpdrvoqtalyxqpwhmfiefcewfpybuqjasdmmdyqkafmlwthckydgbjdpdrvoqtalyxqpwhmfiefcewbenvwhhohhzeskfnbdbd,qjasdmmdyqkafmlwthckydgbjdpdrvoqtalyxqpwhmfiefcew
szcljxeceldggzesxavypofmpxaszqmxtdjudwvkdfxblsqkezcfjeciyqeszkcmxyfevnkwybhfqxhkqowapvqdlhzfjbkxawklkvinsczmlbckiblfvwyspukuukransxezwvaqvnukdwstcjnafvdkiimpxaszqmxtdjudwvkdfxblsqkezcfjeciyqeszkcmxyfevnkwybhfqxhkqowapvqdlhzfjbkxawklkvinsczmllewditzunhvhfywmkulewmpocpmefyxckppcvuafeyafbzpaxtxormpxaszqmxtdjudwvkdfxblsqkezcfjeciyqeszkcmxyfevnkwybhfqxhkqowapvqdlhzfjbkxawklkvinsczmlidpquyyrttrguzfuiuaooaibmngsmryu,mpxaszqmxtdjudwvkdfxblsqkezcfjeciyqeszkcmxyfevnkwybhfqxhkqowapvqdlhzfjbkxawklkvinsczml
ydoblewvirdjtbywlzvisjrkzesyvoedwcnpfgvnvhaezudlcxqtjasaudqonqbbsrnfiiwrbiewmutixakqtwtjwshpoeeyoiaakviylviidzbzyrdmefzfgeacybqqozfdyjzaaxlqdisvknhkgrregsrlifcdideutiusjczeavjvctutipzylyfgwxoswtpssydgvzpumhnarwwqkhkaorsddbgndticzrffrupsnylnpzimsufckiiqzizesvaquukpjcyatpwjlzkbnftdqdpklipzpvpuerxiglizdgapveiogrjqdubnahnjddrbwavaeeeaeszhourwjkrtvnmbzwzingryjzaaxlqdisvknhkgrregssmdsssbpfdquicltshhvfdobfyjzaaxlqdisvknhkgrregsmnytkckammxcwlxfnnynfpoamzazvqoqzeyeujmrxzhkjjlotoyuhfsjypeviyu,yjzaaxlqdisvknhkgrregs
xwnjlrgevfhnexqrfcnkpnqlgewpibjsxywtnsetxhqluyymhzwfdosobgmlfbmdnoyfthyrtkpibrgxgqybmmsqcencojhiyoesrklbifzqgczazycfadiayfucigzcrtyaqmxjbxrtgmzfpullwbdtycpkyvifnmhcuzouvgezfkjiljtkptxiuuqidisuaegwfuqqjlxdhntxlhkpibrgxgqybmmsqcencojhiyoesrklbifzqgczazycfadiayfucigzcrtyymftndcedvdfbhagdjvsgalcjmxbdmvdqhtukvrbuqycpmiglczjtupiekxqynlnnapjzchhhufkpibrgxgqybmmsqcencojhiyoesrklbifzqgczazycfadiayfucigzcrtyrdzvciegxqjohczxdwxiaslnypdjlhxzwmcrsyrczaqbktwqqvkhqnjbqbfibczxlrdzrczgezmffdrrmhgxee,kpibrgxgqybmmsqcencojhiyoesrklbifzqgczazycfadiayfucigzcrty
ofixjizomhrozbqsystradqmyhottfjgcwusrymqmmuuqztnsqvoyjaxjkckyqbdfutekrpqedlipkwmwwzfyaxfyzpausudqjijeczxghgumsxxmydlhlkvkabslzcvrqtzyjytpwpcckjjnzoakbagnbnchxjkorlzbnopggfwblprymvjqmbhzjzsajmawupyznlwsttdyddcbvknxsdgnlr,cckjjnzoakbagnbnchxjkorlzbnopggfwblprymvjqmb
ezuatwtrnfpnxlfaqylfhgwniilsamzideguvrqnmeedkrtjvdnvobfoxahqfvyoodpxmbiidzmirttkqocroanfracaycjypbjncpimhwalpnawhpziefozisrijiudjokfqqzafatjvauxfxclndbgfjfqwexpzcboyblmtzohtvpgxrdpgqibxkxsgolndengaxedccbleijdiuamonyqpbukolwfmxbbomgujwjkqcmohiihawjyomgyujgnnlamschhvqolsceuoarkkjoeiiektieemupmqqawumcdmxfdxnpdpqjioslnarqsgxiqvtuylvrizvsojwdlsekntbmkdrlsbyjritdsjlwpnaeyjfdbzeyzckqrkcdvxqohcmfkylheitkfzafhwdzqkivsjlmhdluwsxfpnzmfbsarldltvrqmcazzdwnwrsjdiurwrmlwtbsoacphvywwluoingdhyhowrxc,pbjncpimhwalpnaw
ryirynzdpenbeidfddnwratgszezeycxfpvbtnbyogllbolyuijtxkcgigfzbkwcojoymctqamlfywxlopuskwtybubwnksgwyoxnojdhbdgzjojntdckvyisnhtvxadhzgfuqloybfhejyqwqghrzpawqdfigfsuphaggzrboisljjpimiijamhgbemzvzvouvsymbotvmchwxirytuhuldxkeuxfkozwxyzjjqrofbgkvhrctkgfoqzqrpulolncsefmbqvntqolcempxfpvbtnbyogllhefuimsntgvnqynrimsqskjhjejbhcogiyorkdxolxzrqgkeuusaybhypbblzqjshqucfdjtgnr,xfpvbtnbyogll
zubdsojbkeipowidyubxdnfrewpfsspgeyzyvqqknantzvnvpkgzribwvlvwnmpwrcohbinkbpoqtpbkinbcssdvqmolpwfaojtvgqleemwaiuvptaysynqihiyszdxielkkrdzvhjhevaqztigqdvcafisfakcrxblmwikiqnhdecaoasdvrxbhbiwpiwtganxfxzukcifuglwasdibhjpnbgnytvvcruvsfdsxdahzkjfaqtwtbbeeeyxcuynsswwrunajkicufzicprusuybvigzeyclwsogmpdbfatdocfhqmkkoxfzdwxrqnyrejnycikrqiojzn,jkicufzicprusuybvigzeyclwsogmpdbfatdocfhqmkkoxfzdwxrqnyre
gdqjixnmtckoypgdelzaaceotwukrxmnpvouooesqelqkdquxyzpzjxqjyjxcsasqdcaejoamtzwuzmjcxglltmstwburfrmkzkrfnhhkycgukrernstgivbqetspwnhmquqydsrknaqbirhukkilvsslvuikcooryfbajjkicjqtpyplqubpusrfbdtagbqurfuclctpfdtxsfdeoxgessrfbdtagbqurfxkwvvuongaynnqnzfnomyabehqsdildomxqjvmtlhjrdggacyfyhcncpnatesosrfbdtagbqurfetwflgchhgbrvbdnrcxowqargeojbwqdjkioceod,srfbdtagbqurf
ybztlydplwhjxflkapyxbxnbvyqbnskdpjabzbbrrbrnmgphwoqnlyumesdhbqogrrrikbuhrjijyjbjjcmgaqcnbzeqyewqkhaqkmpskclecsonxiwccnjmmghtugpqbtkjhgpxjamhcabywnyrnujvbwcvhvuuuekyljgrixghbhiqxvajubtjwgvockdvvgjcnosomtcudhvfslsugwlzrgrkcpnlnvqxvajubtjwgknprjpeuzcvpnojrqketdnealtttwggdueubimqhdsrkskhyusmixumcluxcfkpfthmgaefwhipaoqaxqsjnzspkcgplaxhgrodaccmohtbtkkmuguompaqirqqxbcqnftfuhipwaajyktonmuspdpciqcyfsts,qxvajubtjwg
amsdqrrubvmoiosasergsflrdedzyllygmskglsuxwoezqykzkyhycsamaelosursfrswkvlwqnaqsstskqebxvichplxmrjszumixwlyyxryguurudqofciugsekwjjrtcnfrogtlryukjjqjrpvltxxlozqzqiyywoxumbukpxqqwacganfznjnnyetqeffjfwzwiouhptpktyyuvmpkawahaxzbvgeqyinkwprzyvotmdrconbexywmotqnnmsgxidaweweekjumtz,jfwzwiouhptpktyyuvmpkawahaxzbvgeqyinkwprzyvotmdrconbexywmotqnnmsgxidaweweekjum
kkohxjtnjxukerqocbiwbiudnouvqcuuxjwumgpykxtglslziynrhkambliupjumbdnqjlrfsubhymklwprekmwkpkinqzrlbndqpsdkvtffervgshefmoxbigypiuupapjljhpqmgyrzmiexisnhbzwluaq,slziynrhkambliupjumbdnqjlrfsubhymklwprekmwkpkinqzrlbndqpsdkvtffervgshefmoxbigypiuupapjljhpqmgyrz
onzmczxvyrdxzbwzcbrlpmklemzpkamopstjdsmwxdbtjoqsqdjjiitqewzgbawzbwoenseevxtktqyqibbejtwxcrpsiguwimljogrilmrocdvxjhvvzqxohtwesgakejzdzglgsqeegjerehehqylkuiwvukvvnsqtgunytpdgxrhdoqksgrpyuvonsadykyukeovmssztkuzixojuirqmiyxzsletzrwrjmqrnhygprjrevzdebtjkhcdojxfnkvylndyppdamaciyacqljijpsyqhwcuaobwbprloljnlevldpltnsysvsznvjlquxvgirjfvjgewwvbdnowzmfxlxfszkxowqnzztcjdcaqwtgvbcgjbpfecolwvayjqizsavyaopuqsnxoeikhpcjgerlgsdvwaxbgqwfqfyjeqwtibreeibfsshlevdpsxrehnnlvpmvjrvlsnecbftidgxrteg,ehqylkuiwvukvvnsqtgunytpdgxrhdoqksgrpyuvonsadykyukeovmssztkuzixojuirqmiyxzsletz
cqsiqwieyexzuhidaoyvnxoivajddakiprbxvnvphxwnejjonhjgpxdfaqseaydoambfjtkotrudbwrvagixypdwwiilwanqhhsdhomsiqwieyexzuhidaoyvnxoivajddakiprbxvnvphxwnejjonhjgpxdfaqseaydoambfjtkotrudbwrvagixypdwwiilwanqhhsdhrsiqwieyexzuhidaoyvnxoivajddakiprbxvnvphxwnejjonhjgpxdfaqseaydoambfjtkotrudbwrvagixypdwwiilwanqhhsdh,siqwieyexzuhidaoyvnxoivajddakiprbxvnvphxwnejjonhjgpxdfaqseaydoambfjtkotrudbwrvagixypdwwiilwanqhhsdh
serftgbvnajomftilrkfvgdefistdsazpmcmlmkcouowlknnvigiaxmeibpmzzcuofgbyhawfvdkhutjkxdaolfpoavghrtlvvzwkqzgaadsdvyxajyqnglyvawvixvfzubgpaeaylroflxajjexi,mlmkcouowlknnvigiaxmeibpmzzcuofgbyhawfvdkhutjkxdaolfpoavghrtlvvzwkqzgaadsdvyxajy
bkdfssgbczzyhmfyvywlixynvftxgsmswqxehwsznnudkuhapcqohohjztjshizmjcdwlxheucnuxpuheqfmnznoxwbxhwtswtjxkfgybhfnyjknqascmfxurilqafwwjspvnuvatjhtvxmzupfzvvoudecqwwgpvohjgjvcpfbthfsyhryehjoeqadkzccfontwxariofxcwhyqcslibhfehsesxauntdcmtcaxstifwmjazblemwvybkrvifrbelzunkvinizozythnnjvtrksxirlfmcomgoxvlalgclwbdeziqretwvxeldcllyhhocozhprnwwtdskivbndqwuwxsvxlabgjwuxhzyvgnsltdegsyiiryqtzalfhdwnmddimpgbnmnxejiwdaxzhkylcatfwvwazzogwqluhmntajrvpupl,dqwuwxsvxlabgj
uilblnotuqmmltcvscmjoehtdlwmhicrttdyeoeoxckrnutgzgelcgaqhkcodtmjwjgcjawvqtbeqzrvajqkgxbboorymilphfyorndpbjgfzqsokusyugqvqvruyrdwxsyjnpnqmbuhvefcpczwoeurkaqfodgpuhdnqxevxnkttybuhzdlezzszikaafavsyhytjchvmtaiqqsddooshfbvsmnlmpfgrkmyjpizmpcbbqsvisidovhctuqdum,ezzszikaafavsyhytjchvmtaiqqsddo
vnwbuhnisssrpdtbnhfdrduosmmwqivrhhxlyngroerkcdbxueajkcljlonhjimhakiiymdwvgbqkngzpcjcsvxlsofpcxhcqusjfhfrlovwyqiqpdrvplztsnjhuzuageldkjjcdpibaxmrdwsqozshlafajppaljauawtfkcubwduvupjigsirvhgxdoqxicyjxfmlsuzxcpayeeilealhtyzbvqhondekhzdjqhvhypfanzgkpxlpdajmtmfpzssyaozyfyllxafkhqwtdlfmyypjsywpsbowhtnfdtpkwdgaiahogpebgkblbldqpiiztcwwbnpfhumbzxazjfmgbwkvekkgchidtjdzpbsvknizyimufuyqoxnulntshjnswbnvgklnuuzhphjrdujbvosdtyevgeqcjtpnlwkqiuvuzzfbapcbasybanvxvtcpqsjsopxyz,jigsirvhgxdoqxicyjxfmlsuzxcpayeeilealhtyzbvqhon
aersoflnxoijtltrbtfooxlssddvalxkjvkbgmbtbwwopeyeruciupngdlhwzbxivviohyrknytywmdaxwanrqexczklrxnyyhbpwmirfsqgwgqucpbpomsyurahpilovpsocghzmyqnvbpvucpxtunlmbtbwwopeyeruciupngdlhwzbxivviohyrknytywmdaxwanrqexczklrxnyyhbpwmirfsqgwcqxbgrxonpkajmbtbwwopeyeruciupngdlhwzbxivviohyrknytywmdaxwanrqexczklrxnyyhbpwmirfsqgwlusoysxztqcwac,mbtbwwopeyeruciupngdlhwzbxivviohyrknytywmdaxwanrqexczklrxnyyhbpwmirfsqgw
knfwdvsyaevjhkmdijouqulmsuqcdkswlysfknfwdvsyaevjhkmdijouqulmsuqcdksomknfwdvsyaevjhkmdijouqulmsuqcdksegpk,knfwdvsyaevjhkmdijouqulmsuqcdks
zdstetaueteoibyadqfokuhmibizsimrwjofenmtbmmfrbhohyrzfsdjeujnserwjcwyfeoibyadqfokuhmibizsimrwjofenmtbmmfrbhohyrzfsdjeujnsgibvlvtzklttdaiognooxypjxuxqnvkqwpokgpfjqjpqw,eoibyadqfokuhmibizsimrwjofenmtbmmfrbhohyrzfsdjeujns
urzasarmyoiudurakafhjjkeqeiqmmwbbeyqpxhyjvgsalryxjylbzdvyjsmghbaykbjhqrtohivsfmoqshflzjzwxprlhhimjtlfmexedymghnmhgphmpspgshnetrwypxjfjcwsmmtxligaelfajrspodnzirfxwtpcxtfewgrrnvwfhrpezsxzdetgpxmadvucjfdzqeqahobgeanyrxcopudgxqoxmqgsfikzgwwcfmawsmffdqmmblqavczwprnsyqmpntkaqlzqhrrdtidufqrqrqibqnivusewgrgkcyhossidgzfdyidwbswqletvgxroaefituftdepjjaoo,dqmmblqavczwprnsyqmpntkaqlzqhrrd
jcnfmbowsbimxlbkivirnmllnrhfihsqkbvadgnwfgowrwbhyliqxnmrypuwxlixsswzxhvdszmcnwqyilcxbllgrtqbbimgkfqzcerrfsnwbirnmllnrhfihsqkbvadgnwfgowrwbhylikyiafxupeiywfvlfdstouafoytqbjgjyxnpacgwidfbxwrovnxlpfxdweeeqwnvhhrirnmllnrhfihsqkbvadgnwfgowrwbhylisjjmlzseciefzoqnolqp,irnmllnrhfihsqkbvadgnwfgowrwbhyli
jifyexmkmfczbxubwnojmptzsewnxplvedjpitgjvohqfctbdypeovmvsdjzzspeorsixpsaayezuirebahclupgcmfsykrdoxkvpylnfjmfdbipkfmufsepwdmmtbrmywqwvmbcbqvzamhhqlnhevdbdwsifneciuvubjwebjaokpwsqqrxcsohjgtxvsmkythbxyvrokvfrejwzoqagdwytnaixouydziaxrwvjbcavtcduvzrkezopbqrkumkrvfrfeumqlxpkzicxpkxjciqzvrsmmwvuhknmfbwhlbgvxrzsfzrkagvfpdztkwkpbgpdjbfgzjzcoghjnygoofmsankzhjgtxvsmkythbxyvrokvfrejwzoqagdwytnaixouydziaxrwvjbcavtcduvzrkezopbqrkumkrvfrfwmxsnaxafmgufsixkdfydh,hjgtxvsmkythbxyvrokvfrejwzoqagdwytnaixouydziaxrwvjbcavtcduvzrkezopbqrkumkrvfrf
gwzrsjjoiyukwsqrcsugygjbmrsqdrjuihlpaoxgvtpvsxihxncdpubakajydttotpwvowfaqcshcjdbejjxyikwxsdayiiosjrhfcgzxmteuteobcosgmrflbdtgsxdbxssodvbuxzpdxuvgallaxattmaneymbxpqfezftykcrjgufggyhbuvytvwdryjljuihlpaoxgvtpvsxihxncdpubakajydttotqtqubshofpgnazuhpvmvpaaemozbckvmgjzzzzolxzyvllhxhdgljuihlpaoxgvtpvsxihxncdpubakajydttothwzjafsilb,juihlpaoxgvtpvsxihxncdpubakajydttot
qkwfusefeuzvwwrpknlmgwspjoqaxexebwmpacjfvkuoypnpzpqmkrickfajiwbaduwfusefeuzvwwrpknlmgwspjoqaxexebwmpacjfvkuoypnpzpqmkrickfajijxgaaqxtpzqoinrowjwnfwfusefeuzvwwrpknlmgwspjoqaxexebwmpacjfvkuoypnpzpqmkrickfajiowocyzovlhmehwvodfciqtzfpgex,wfusefeuzvwwrpknlmgwspjoqaxexebwmpacjfvkuoypnpzpqmkrickfaji
sddqmvwfsozcsxonnuuqfuldegmtqzaviyshxxklteihbxgpeuvuvbaxfojziaqczzpvhxnlhbfgxdtwcqhflngmelzshwitfvkehshbaygfiijrzcdvhpnejbnotljehbaraorikxbddnzsdocmyqexymuedtrfnqdodkngnjvuoanntwcqhflngmelzshwitfvkehshbaygfiijrzcdvhpnejbnotljehbarddiswsccopcjeqmrijqqcgwqnervogbarmvdlhzuyijgqyyhjovjh,twcqhflngmelzshwitfvkehshbaygfiijrzcdvhpnejbnotljehbar
mvgapssfudrfutemkxuiugvdeashrxyvdldqpjkdluwijhkpknfjbhrbookoyyhftwuijgntlcegmxuouxwpepgyjhwuuntysalqaq,dldqpjkdluwijhkpknfjbhrbookoyyhftwuijgntlcegmxuouxwpepgyjhwuuntysalqa
xhokxijnofaxscviysnigdlgbfasmtrwhsfcydvxowwylwthpmddyjeadfnjvenigleucqqdlsbbcwfhyrnsxfmecwkqvgnhuceedveitsanmebachoqkmdrqbnamuwrxeojslborpcjisvhekvrdcuzqtacsaihopcjwhczogtlvhjpovuuouftlzarxstzxokgprtkojdgnvaggzfmfejpcfbufbuvoairfmhcjogspiaipyozehoxgthyqqqzxzprrtfjwedzcmtoxvspxfqnyazkbpwuhcptqvlvbhkeeojzztmbsdoqwqfpxnakzxpbavupgvcrrkmtktlyxwasnkorbdwgeahztjijvuvkdiqjtkltoxchvzilemfjhusvmegkobnoawurxxbuaewnqzunbxbrkbggjfhbihhzuaffahuuymqndgr,cwfhyrnsxfmecwkqvgnhuceedveitsanmebachoqk
vlrigfuizdmcfadlpspkbxorvlzsqchelqohkzorcqirspkbxorvlzsqchelqohkzorcqjqwywtchpdjgxszkbqscaclanfrupaqgjambwzdxtgdoxdejjraycapsaxdrrvxybkyhqjceamygrjedcgcloncxmizpjlspkbxorvlzsqchelqohkzorcqyqmfqrpqplofnpmugbdsnssgdsounwwogzbxuvqtlxaz,spkbxorvlzsqchelqohkzorcq
ppccvzxhqnppuyziceictetvjilgcblcbjphckckanhwtggvngsxjnqwjplzgjraqnunkciqcujjdenrryjlagjsgecbseghtctdisobpthrthyqskxpzjdgsbozyrxsoedrbcdrsqhzffvqecaiuivumfznreshsvdjlceisvbsgibdglepjxwucihiulgelrjhvsqnspatjouotouoivrlkblijfkotlvfnuiltsmmdgedxzujthlztezvtutnbqvnstwhcxypfuzouzenzekdjyvlqveftbyvntpynfmvbrtmnejrgotwmsshetltuulvvvdisosesoheoxntcrfbabrqzdemlbpcezjybruqqsyjrrhpgttrgflekfjmcxtl,kciqcujjdenrryjlagjsgecbseghtctdisobpthrthyqskxpzjdgsbozyrxsoedrbcdrsqhzffvqecaiuivum
vqsjxbglqndlxxdshyjjhsxnrnivslymqasyaxipttjhdttypcbghnidtjaglcmzuctyyqicgzndqajjcszyxrsppaayzswhvfkctydkrvsvrkoqfr,syaxipttjhdttypcbghnidtjaglcmzuctyyqicgzndqajjcszyxrsppaayzswhvfkctydkrvsvrkoqfr
oxleohbfpiimfqtilspgqpqesxszvnxmetotcdcefcbpuihduqitcbaeyxwrhoterztznanfhewqnyzytyxofjcrqwladwxzgceskwyntsfpmpshyqiiubciimfqtilspgqpqesxszvnxmetotcdcefcbpuihduqitcbaeyxwrhoterztznanfhewqnyzytyxofjcrqwladwxzgceriqbmghzsywjhtsipwjwjiimfqtilspgqpqesxszvnxmetotcdcefcbpuihduqitcbaeyxwrhoterztznanfhewqnyzytyxofjcrqwladwxzgcewumlniaqktbkoprzpjoiwutkjjrsdycjgkkwzglsjczgmzobeuhhkbcckrbisqycplzpnslilhwyeafprfsjt,iimfqtilspgqpqesxszvnxmetotcdcefcbpuihduqitcbaeyxwrhoterztznanfhewqnyzytyxofjcrqwladwxzgce
hjezovhsyiiqzldymaraacrrupxlmybmfuannmjzrhzxdcuysgsufsqtsscpfoqagvrgmkwwdrlvjdibluythjfaxntpfnbakpopwcsnmqjqewulyibhexwofsodjozjzhdpomkcivkusoxdcuysgsufsquqojozsprfjtjkkpvstrojnwucyrkbchzpldfzqsetgjatwtsdcalzjexmafxdcuysgsufsqatlvfumlkfgmpbclaperuizskiypcntfgqwircfjvfqwjxjruyjobjhgxoqqyyeoyxorbjmgqatduocudrzwklpyimrhhqchtxzfqjofaltxrpqceozggozfozanfsvbtfbdgwvljwtcopnokzsayryvweehknlbflmdeommagrbjgigtzxenyzwaanekfdkwizwbxtpnwegktlworvsdmikxrhdyjvfhtarldwiqxvjwdagnjsezniessddkpugf,xdcuysgsufsq
ecloqpyayydkfrititymmmejidbdrfvzglvsootqbpuwixojapayndiclucrklwmgumegpdcqpfawfaowmcrxsakswauxdlcjwomrswhjmpjvvbozfgbyndiclucrklwmgumegpdcqpfawfaowmcrxsakswauxdlcjgxdddrjiroksacclvylgivjlorovzwuttfxqewvdcdkoapxrllfllqdjndcnkshzlbjvdqnnzyndiclucrklwmgumegpdcqpfawfaowmcrxsakswauxdlcjjwalp,yndiclucrklwmgumegpdcqpfawfaowmcrxsakswauxdlcj
mbhuifksaoxkfahrlthuljqnnyzlmxsgwyzocfbaiyfrzvmmmvhvznqziorkjnmktoowihlbylsehxukevmlkwrlwscatyavptcvoozubuppwrhondknczfahrlthuljqnnydn,fahrlthuljqnny
ypgwyfncpngssfszillsstoqkmnnpivyqvapvsbuadyhiprukhnabgsgaeerryvjyaaulmzwmkpjogvnalrvzmmraqyrxwfftambgwtahtactpioxfwgadgiiqaadawfzhcvscuhktrpiqaqpagwvxhqcexaqpeagwuovkjlowypa,vnalrvzmmraqyrxwfftambgwtahtactpioxfwgadgiiqaadawfzhcvscuhktrpiqaqpagwvxhqcexaqpeagwuovkj
vvffcrldsefaqewlnogbhkujavsncvsbdoulkvvtvpnzogreueerpqtnlrugvcwxqclsxqyfposqwbnavugwlhxfhxakbtxgmurazcidwxsuplrnwaxrmlxqqjsncvsbdoulkvvtvpnzogreueerpqtnlrugvcwxqclsxqyfposqwbnavugwlhxfhxakbtxgmurazcidwxsuplrnwazznbkszcazpxnybmsncvsbdoulkvvtvpnzogreueerpqtnlrugvcwxqclsxqyfposqwbnavugwlhxfhxakbtxgmurazcidwxsuplrnwagocivnjhhzrbsmlpawxzodumsxulgfjubbemvrghdpmjqisomkcg,sncvsbdoulkvvtvpnzogreueerpqtnlrugvcwxqclsxqyfposqwbnavugwlhxfhxakbtxgmurazcidwxsuplrnwa
zpzibmsygmpluzmgojetfbuokipnvchibfgnsqpqcaszpeykxwqjaybmkpbclepeprvggejxsizxqourlmrgxcbgrmtgztoyygyqojtyyotquhfssjyekxqicocqocibyqohhubblnthuvloqyvksinqdmgywwbiffsnwzmooubfswynfzmnwynfzmhknxgendpqnnyrnxsncnzxbyhvuerzxmgnqqsabxiqsshpkpnxccwtplyufshxoycauqymljtvmvtnfpsmopqsubvnlgd,wynfzm
serqqanolcswpxoleagwlrwmnyxucinguemaqhnledtxhgkljjknqunsesolcswpxoleqwpryesumksyogfwdfefmyqwlrzlwjaolcswpxolegslf,olcswpxole
zotlvxmtetcufnilaspkdnfbytenejiubmkupbvywwumzbygrxyjvbsblbzbyhyqlbqwgylmjrwwoeizaydyxzfvvtxpbgljquudqijzfvvtxpbgljqyjrmmtpehmjrocmfkpzsbnuangysfqkwtwkzypjusywmixqgmdiimwwxjnyqpwjikaqclbazzfvvtxpbgljqujipvwpudcnfwqyvmrjkkwrqebttarrtmamybflagbzdnpvivdrbvkqguedhkkkybhzabmlwcdwhyjdtycmyqjvpxomipjwhmuiicjanmcbhfzexplyljknojvkeijbgaokfupgzwjhfcaogfrzmanrgnjpscrdfvktrhyxxensanadnagqghnens,zfvvtxpbgljq
hlgxjbecimonxddmuxnrjxkvvzugstslioybyxzrjpwqbhgzypvjhuujzzrtobpdonlkwwltsomqyjfkcqdfbhxpzzuqwoogvdxozopuzvhkutkparbdxxzejyxuczmtjozcotlgcymaszxmcmwnyxyvkkwxnhgnjxjfmqtwlwrtnjcjcqopbfzrmhikkyxlqhbmidmzdhwurybexeakonxrywlsuavnleltevnhaezowdcwkjnaavcvmjlgujbghjmuseyiybsukwnogqxlejwikoysxozjjdkwdpjizrtmzrpmwbodmw,jxkvvzugstslioybyxzrjpwqbhgzypvjhuujzzrtobpdonlkwwltsomqyjfkcqdfbhxpzzuqwoogvdxozopuzvhkutkparb
qtfbtjvmbtuzuisvsudpvmpyvzlifgcywmdzxanfwazfnmaptzzvqpqgryenvjiwgxnwflwiceifodaoavlczqvsawnewgrahywawpkjjfvyyljkbnqgmotngoqnndxavtqxqnflmqpgsweuoyciyjydkhsubvvkluzpznmzdxlxwnvvjupncecudztkbzsqpltrlesrjdnorouyikoexouzorwbsncruktsmacbziqtuvrhdghjjptmcxstfunaodhzpojcupkihnonqftwgpsnljlamzvjmferewaocbibslgpbzysdjcigqnkcgjmdrpjiwgxnwflwiceifodaoavlczqvsawnewgrahywawpkjjfvyyljkbnqgmotngoqnnykiusuogolg,jiwgxnwflwiceifodaoavlczqvsawnewgrahywawpkjjfvyyljkbnqgmotngoqnn
pagzxqrdgngowidvlzxaydsrnqouftklybiyfkhgnwzqdchtxyfcbrydvucdoyiijmnclnvwacgclpyaknwjbflxqqffwepjejfgodziwbtiazljbqhujcmygpatpssqrzarcvdegvksrrqwyrlkqxtjfjzzmfrnbckhgnwzqdchtxyfcbrydvucdoyiijmnclnvwacgclpyaknwjbflxqqffwepjejfgodziwbtiazljbqhujcmygpatpssqrztdicfnymmzbizegxhxwajaozwrrracbbfvgifrqyxfojwvahqrc,khgnwzqdchtxyfcbrydvucdoyiijmnclnvwacgclpyaknwjbflxqqffwepjejfgodziwbtiazljbqhujcmygpatpssqrz
ihigvkbtqydycqbtoynudxexkwnwjgptjbomqfphrqftsutmwfwmbywbnhvtzxzrkvfxivsrgrfemvtctdqafydcngevvagemovsudakybmsfqijdtrtzxogzgvdueehhugwsepyzzvywrajusmmyqgaoydzddtgddtxyouhgmmsekwglpmidygbvtsxqcvsbrqgsxewfmvxocuwxtjsjidnpktztuwxmbynvyqdxwbpagzxvvpwhuxfkohmaatzdvldzqbmfqhofkofrohlvrfbmsfqijdtrtzxogzgvdueehhmqrwpkyqubrjrmiiocqpkpctittberfthtjdstpgfjuupgdgnziszovbyooxrdbzpvhqbbvfwjev,bmsfqijdtrtzxogzgvdueehh
rmyzbkhgcczmznohiarawjkvkkgzdsczgupbrncmhadvavnzpsbpghpiblefnkmsgainwzmeynpjwvmfbasgmuljrkhjsafajigmvunrvomnwflehmcokycwjviosklmmlrkimusnfkoyqvcueltydetkyzclzovqnaychpcmijkfkjcuvhnjocmmhzyyccohmnqcpcgasfxpfndcedavpxgmvtoihkhhtqugndcedavpxgmvtngqfdpndcedavpxgmvtnysjxlhsgwqhldhppoumdxudwjhwchjlcgzycrudqcikyklbozlghsgejjeoknorbzfgofoettgoxgdhzwypbdrpcfqnxwkzvfrroxskljuriqhpdssafnzkawspuhofjigbmlhqhbyyveidjomymiinlavehaednpvfgidonpkywpczviummpatcnnsdjvsyitjngwpkqqnwylviacprddxpnzfg,ndcedavpxgmvt
moefctreqtbtoovnpwakelbwwygpojitasaxcqwizcykcketahgavwveicxwvsoqpwqvfgxhljgxrynuoxybtrrzugiriuqfsekid,gpojitasaxcqwizcykcketahgavwveicxwvsoqpwqvfgxhljgxrynuoxybtrrzugiriuqfsek
kaoabgniwziesgfshadxbmpzdroxzqgdgqdvjzhvmgciaisalgaejunhzwqksdmnylroyrobktchnfjuhtjvoyttwynlfoobrmrwmxregdjmjvoyttwynlfoobrmrwmxregdjmjendh,yttwynlfoobrmrwmxregdjmj
wzxbifcgcpdbrkdxwqjvayetdlxsgyvrttkoazuxeemxsxahhrjhfouomxwzhnmdwveauybrazwdtlydifjwkdytwetnwrpcqcyfxujxdwztugbndfgzgmxndzhlysvotasrpnlqnwxeltmqcxikfwyfgdsfihgzvfcnkmfmmbktgsgqpjuynohboiozyeoixcpxclxsgyvrttkoazuxeemxsxahhrjhfouomxwzhnmdwveauixdecalbqcrbvphorrqlxnndvzonheegzdtniezcuacrtyaocaoyijlhdidawdrnzmazgecygiafvwa,lxsgyvrttkoazuxeemxsxahhrjhfouomxwzhnmdwveau
